rank,profile_url,name,title,registration_date,last_active,active_projects,portfolio_count,employment_rate,received_projects,financial_deals,completion_rate,ontime_delivery_rate,rehire_rate,communication_success_rate,total_completed_projects,avg_response_time_raw,avg_response_time_minutes,skills,skills_count,parse_confidence,parse_signals,success_score,skills_str,registration_date_str
1,https://mostaql.com/u/Nour_medhat,نور الدين م.,مهندس برمجيات,2021-04-27T00:00:00,منذ دقيقة,3.0,24.0,,,,98.08,97.06,75.76,9.67,102.0,3 ساعات و 55 دقيقة,235.0,"[""برمجة تطبيقات أيفون"", ""تطوير الويب الكامل"", ""تطوير الويب"", ""تطوير البرمجيات"", ""تصميم مواقع"", ""CSS"", ""إدارة المشاريع"", ""برمجة أندرويد"", ""هندسة البرمجيات"", ""PHP"", ""جافا سكريبت"", ""تصميم موقع إلكتروني"", ""برمجة iOS"", ""flutter"", ""أمن وحماية المواقع"", ""تصميم داش بورد"", ""برمجة التطبيقات"", ""تصميم تطبيقات"", ""تصميم واجهة المستخدم"", ""تصميم UI UX"", ""لارافيل"", ""Dart"", ""جافا"", ""تصميم تطبيقات الهواتف الذكية"", ""تطوير التطبيقات"", ""برمجة مواقع"", ""إنشاء تطبيق"", ""واجهة برمجة التطبيقات"", ""برمجة"", ""MySQL""]",30.0,ok,"['html_size', 'has_h1', 'has_stats_table', 'has_skills', 'has_profile_name']",85.75,"برمجة تطبيقات أيفون, تطوير الويب الكامل, تطوير الويب, تطوير البرمجيات, تصميم مواقع, CSS, إدارة المشاريع, برمجة أندرويد, هندسة البرمجيات, PHP, جافا سكريبت, تصميم موقع إلكتروني, برمجة iOS, flutter, أمن وحماية المواقع, تصميم داش بورد, برمجة التطبيقات, تصميم تطبيقات, تصميم واجهة المستخدم, تصميم UI UX, لارافيل, Dart, جافا, تصميم تطبيقات الهواتف الذكية, تطوير التطبيقات, برمجة مواقع, إنشاء تطبيق, واجهة برمجة التطبيقات, برمجة, MySQL",2021-04-27T00:00:00
2,https://mostaql.com/u/Suleman_Md,سليمان ا.,معلق صوتي وصانع محتوى,2017-05-13T00:00:00,منذ دقيقة,2.0,24.0,,,,100.0,82.55,33.33,72.54,212.0,ساعتين و دقيقة,121.0,"[""صناعة المحتوى"", ""تعديل الصوت"", ""صوتيات"", ""التمثيل الصوتي"", ""تصميم إعلان"", ""التعليق الصوتي"", ""دوبلاج"", ""هندسة الصوت"", ""مونتاج فيديو"", ""الإنتاج الصوتي""]",10.0,ok,"['html_size', 'has_h1', 'has_stats_table', 'has_skills', 'has_profile_name']",85.44,"صناعة المحتوى, تعديل الصوت, صوتيات, التمثيل الصوتي, تصميم إعلان, التعليق الصوتي, دوبلاج, هندسة الصوت, مونتاج فيديو, الإنتاج الصوتي",2017-05-13T00:00:00
3,https://mostaql.com/u/Ahmed_Alsurmi,Ahmed A.,مطور Full Stack,2026-04-26T00:00:00,منذ دقيقة,,10.0,,,,100.0,100.0,100.0,100.0,3.0,3 ساعات و 21 دقيقة,201.0,"[""البرمجة بطريقة MVC"", ""هندسة البرمجيات"", ""تطوير البرمجيات"", ""برمجة التطبيقات"", ""إنشاء موقع إلكتروني""]",5.0,ok,"['html_size', 'has_h1', 'has_stats_table', 'has_skills', 'has_profile_name']",85.17,"البرمجة بطريقة MVC, هندسة البرمجيات, تطوير البرمجيات, برمجة التطبيقات, إنشاء موقع إلكتروني",2026-04-26T00:00:00
4,https://mostaql.com/u/DavidLabib,ديفيد ل.,مهندس حاسوب,2023-06-01T00:00:00,منذ دقيقة,,8.0,,,,100.0,100.0,41.33,30.05,113.0,44 دقيقة,44.0,"[""حل المشكلات"", ""بايثون"", ""VPS"", ""خدمات الويب"", ""استضافة المواقع"", ""تركيب سكربتات""]",6.0,ok,"['html_size', 'has_h1', 'has_stats_table', 'has_skills', 'has_profile_name']",85.03,"حل المشكلات, بايثون, VPS, خدمات الويب, استضافة المواقع, تركيب سكربتات",2023-06-01T00:00:00
5,https://mostaql.com/u/MARYAM_MOUHAJER,Maryam M.,مهندس برمجيات,2021-03-29T00:00:00,منذ دقيقة,,10.0,,,,100.0,100.0,100.0,50.0,3.0,ساعة و 53 دقيقة,113.0,"[""MySQL"", ""PHP"", ""ووردبريس"", ""n8n"", ""الأتمتة"", ""بايثون"", ""الأتمة بالذكاء الاصطناعي"", ""شوبيفاي"", ""GitHub"", ""برمجة""]",10.0,ok,"['html_size', 'has_h1', 'has_stats_table', 'has_skills', 'has_profile_name']",81.17,"MySQL, PHP, ووردبريس, n8n, الأتمتة, بايثون, الأتمة بالذكاء الاصطناعي, شوبيفاي, GitHub, برمجة",2021-03-29T00:00:00
6,https://mostaql.com/u/mostafa_0_0,Mostafa A.,مهندس برمجيات,2024-03-28T00:00:00,منذ دقيقة,1.0,6.0,,,,100.0,100.0,50.0,38.33,22.0,ساعتين و 6 دقائق,126.0,"[""اللغة العربية"", ""اللغة الإنجليزية"", ""تطوير التطبيقات"", ""flutter"", ""Dart"", ""Restful API"", ""فايربيس"", ""برمجة تطبيقات سطح المكتب"", ""هندسة البرمجيات"", ""برمجة أندرويد""]",10.0,ok,"['html_size', 'has_h1', 'has_stats_table', 'has_skills', 'has_profile_name']",80.76,"اللغة العربية, اللغة الإنجليزية, تطوير التطبيقات, flutter, Dart, Restful API, فايربيس, برمجة تطبيقات سطح المكتب, هندسة البرمجيات, برمجة أندرويد",2024-03-28T00:00:00
7,https://mostaql.com/u/designs_maker,مينا س.,مصمم علامات تجارية,2020-08-25T00:00:00,منذ دقيقة,1.0,24.0,,,,99.36,84.62,22.68,39.9,156.0,4 ساعات و 35 دقيقة,275.0,"[""بناء العلامة التجارية"", ""التصميم الإبداعي"", ""Adobe Illustrator"", ""فوتوشوب"", ""تصميم جرافيك"", ""تصميم هوية تجارية"", ""تصميم شعار"", ""تعديل الصور"", ""الفكرة التصميمية"", ""تصميم بوسترات"", ""تصميم ملصقات المنتجات"", ""تصميم العبوات"", ""تصميم أغلفة"", ""تصميم بنرات"", ""تصميمات سوشيال ميديا"", ""تصميم الأيقونات"", ""تصميم إعلان""]",17.0,ok,"['html_size', 'has_h1', 'has_stats_table', 'has_skills', 'has_profile_name']",80.71,"بناء العلامة التجارية, التصميم الإبداعي, Adobe Illustrator, فوتوشوب, تصميم جرافيك, تصميم هوية تجارية, تصميم شعار, تعديل الصور, الفكرة التصميمية, تصميم بوسترات, تصميم ملصقات المنتجات, تصميم العبوات, تصميم أغلفة, تصميم بنرات, تصميمات سوشيال ميديا, تصميم الأيقونات, تصميم إعلان",2020-08-25T00:00:00
8,https://mostaql.com/u/Mo_Abdulmajeed,محمد ع.,مهندس برمجيات,2025-09-11T00:00:00,منذ دقيقة,,10.0,,,,100.0,100.0,100.0,28.57,4.0,ساعتين و 36 دقيقة,156.0,"[""Back End"", ""Front End"", ""ASP.NET Core"", ""جافا سكريبت"", ""بوتستراب 5"", ""تصميم موقع إلكتروني"", ""أنجولار"", ""مايكروسوفت إس كيو إل سيرفر"", ""ASP.NET MVC"", ""برمجة قواعد البيانات""]",10.0,ok,"['html_size', 'has_h1', 'has_stats_table', 'has_skills', 'has_profile_name']",80.29,"Back End, Front End, ASP.NET Core, جافا سكريبت, بوتستراب 5, تصميم موقع إلكتروني, أنجولار, مايكروسوفت إس كيو إل سيرفر, ASP.NET MVC, برمجة قواعد البيانات",2025-09-11T00:00:00
9,https://mostaql.com/u/aseaj,محمود م.,محرر فيديو,2022-04-29T00:00:00,منذ دقيقة,1.0,24.0,,,,94.29,96.97,53.85,26.24,33.0,ساعة و 36 دقيقة,96.0,"[""After Effects"", ""مونتاج فيديو"", ""أدوبي بريمير"", ""تعديل الصوت"", ""ما قبل الإنتاج""]",5.0,ok,"['html_size', 'has_h1', 'has_stats_table', 'has_skills', 'has_profile_name']",78.96,"After Effects, مونتاج فيديو, أدوبي بريمير, تعديل الصوت, ما قبل الإنتاج",2022-04-29T00:00:00
10,https://mostaql.com/u/bedo_elhady,عبدالله ع.,محرر فيديو موشن ومونتاج,2021-04-14T00:00:00,منذ دقيقة,,9.0,,,,98.21,89.09,26.09,49.12,55.0,ساعتين و 28 دقيقة,148.0,"[""Adobe InDesign"", ""تصميم شعار"", ""التصميم الإبداعي"", ""تصميم إعلان"", ""تعديل الصور"", ""تحريك شعار"", ""تحرير المحتوى"", ""فوتوشوب"", ""Adobe Illustrator"", ""After Effects"", ""تصميم جرافيك""]",11.0,ok,"['html_size', 'has_h1', 'has_stats_table', 'has_skills', 'has_profile_name']",78.72,"Adobe InDesign, تصميم شعار, التصميم الإبداعي, تصميم إعلان, تعديل الصور, تحريك شعار, تحرير المحتوى, فوتوشوب, Adobe Illustrator, After Effects, تصميم جرافيك",2021-04-14T00:00:00
11,https://mostaql.com/u/jewel__media,حسين ا.,مصمم جرافيك,2021-07-31T00:00:00,منذ دقيقة,,12.0,,,,100.0,93.94,27.27,37.78,33.0,6 ساعات و 56 دقيقة,416.0,"[""تصميم دعوات"", ""تصميم ملصقات المنتجات"", ""تصميم كروت شخصية"", ""التصوير الفوتوغرافي"", ""تصميم ملصقات"", ""تصميم بروشور"", ""Adobe InDesign"", ""تصميم هوية تجارية"", ""تصميم العبوات"", ""كتابة المحتوى""]",10.0,ok,"['html_size', 'has_h1', 'has_stats_table', 'has_skills', 'has_profile_name']",77.93,"تصميم دعوات, تصميم ملصقات المنتجات, تصميم كروت شخصية, التصوير الفوتوغرافي, تصميم ملصقات, تصميم بروشور, Adobe InDesign, تصميم هوية تجارية, تصميم العبوات, كتابة المحتوى",2021-07-31T00:00:00
12,https://mostaql.com/u/sobhi_sardini,Mohamed Sobhi S.,مدرب إداري استشاري,2022-01-20T00:00:00,منذ دقيقة,,21.0,,,,100.0,95.24,8.33,50.0,42.0,3 ساعات و 54 دقيقة,234.0,"[""خدمة العملاء"", ""إدارة المشاريع"", ""علاقات عامة"", ""إدارة الموارد البشرية"", ""تنمية المهارات الشخصية"", ""إدارة علاقات العملاء"", ""تدريب عن بعد"", ""تدريب إدارة الأعمال"", ""تدريب الحياة"", ""تصميم الحقائب التدريبية""]",10.0,ok,"['html_size', 'has_h1', 'has_stats_table', 'has_skills', 'has_profile_name']",77.84,"خدمة العملاء, إدارة المشاريع, علاقات عامة, إدارة الموارد البشرية, تنمية المهارات الشخصية, إدارة علاقات العملاء, تدريب عن بعد, تدريب إدارة الأعمال, تدريب الحياة, تصميم الحقائب التدريبية",2022-01-20T00:00:00
13,https://mostaql.com/u/MohamedShabara,Mohamed S.,موشن جرافيك ومونتير,2020-01-17T00:00:00,منذ دقيقة,,24.0,,,,93.1,97.53,11.11,36.82,81.0,3 ساعات و 55 دقيقة,235.0,"[""إنتاج الفيديو"", ""تعديل الصور"", ""إنشاء مدونة"", ""فوتوشوب"", ""تصميم شعار"", ""تصميم جرافيك"", ""تصميم إعلان"", ""مونتاج فيديو"", ""تصميم عروض تقديمية"", ""After Effects""]",10.0,ok,"['html_size', 'has_h1', 'has_stats_table', 'has_skills', 'has_profile_name']",77.69,"إنتاج الفيديو, تعديل الصور, إنشاء مدونة, فوتوشوب, تصميم شعار, تصميم جرافيك, تصميم إعلان, مونتاج فيديو, تصميم عروض تقديمية, After Effects",2020-01-17T00:00:00
14,https://mostaql.com/u/Spoliv,Mohammed Amine A.,مصمم هوية بصرية,2022-10-30T00:00:00,منذ دقيقة,,10.0,,,,100.0,95.65,15.79,40.35,23.0,ساعتين و 54 دقيقة,174.0,"[""فوتوشوب"", ""تصميم جرافيك"", ""تصميم شعار"", ""Adobe Illustrator"", ""تصميم إعلان"", ""تعديل الصور"", ""تصميم بوسترات"", ""تصميم بنرات"", ""تصميم دعوات"", ""تصميم كروت شخصية""]",10.0,ok,"['html_size', 'has_h1', 'has_stats_table', 'has_skills', 'has_profile_name']",75.89,"فوتوشوب, تصميم جرافيك, تصميم شعار, Adobe Illustrator, تصميم إعلان, تعديل الصور, تصميم بوسترات, تصميم بنرات, تصميم دعوات, تصميم كروت شخصية",2022-10-30T00:00:00
15,https://mostaql.com/u/waleedragab,Waleed R.,مهندس برمجيات,2019-10-07T00:00:00,منذ دقيقة,,3.0,,,,100.0,80.0,100.0,26.32,5.0,8 ساعات و دقيقتين,482.0,"[""أجاكس"", ""ASP.NET"", ""بوتستراب"", ""C# Programming"", ""C++ Programming"", ""CSS"", ""CSS3"", ""HTML"", ""HTML"", ""jQuery"", ""لارافيل"", ""MySQL"", ""PHP"", ""SQL"", ""رسم UML"", ""برمجة قواعد البيانات"", ""تطوير البرمجيات"", ""جافا سكريبت"", ""هندسة البرمجيات"", ""تصميم موقع إلكتروني""]",20.0,ok,"['html_size', 'has_h1', 'has_stats_table', 'has_skills', 'has_profile_name']",75.79,"أجاكس, ASP.NET, بوتستراب, C# Programming, C++ Programming, CSS, CSS3, HTML, HTML, jQuery, لارافيل, MySQL, PHP, SQL, رسم UML, برمجة قواعد البيانات, تطوير البرمجيات, جافا سكريبت, هندسة البرمجيات, تصميم موقع إلكتروني",2019-10-07T00:00:00
16,https://mostaql.com/u/omarte1416,Omar A.,مصمم داخلي,2024-08-22T00:00:00,منذ دقيقة,,8.0,,,,100.0,100.0,66.67,12.5,5.0,ساعة و 42 دقيقة,102.0,"[""تصميم معماري"", ""تصميم 3D"", ""تصميم فلل"", ""تصميم مخططات معمارية"", ""تصميم ديكور"", ""تصميم داخلي"", ""التصميم الإبداعي"", ""3ds Max"", ""تصميم 2d"", ""بلندر""]",10.0,ok,"['html_size', 'has_h1', 'has_stats_table', 'has_skills', 'has_profile_name']",75.68,"تصميم معماري, تصميم 3D, تصميم فلل, تصميم مخططات معمارية, تصميم ديكور, تصميم داخلي, التصميم الإبداعي, 3ds Max, تصميم 2d, بلندر",2024-08-22T00:00:00
17,https://mostaql.com/u/Mohamed_Yahia7,Mohamed A.,متخصص سيو وتحسين SEO,2023-03-19T00:00:00,منذ دقيقة,,0.0,,,,100.0,96.0,26.32,9.92,25.0,3 ساعات و 23 دقيقة,203.0,"[""كتابة مقالات"", ""تدقيق SEO"", ""كتابة مقالات متوافقة مع السيو"", ""تحسين محركات البحث"", ""بحث الكلمات المفتاحية"", ""أدوات مشرفي المواقع"", ""تحسين السيو الداخلي"", ""تحسين معدل التحويل"", ""بناء الروابط"", ""تحليل المنافسين""]",10.0,ok,"['html_size', 'has_h1', 'has_stats_table', 'has_skills', 'has_profile_name']",75.11,"كتابة مقالات, تدقيق SEO, كتابة مقالات متوافقة مع السيو, تحسين محركات البحث, بحث الكلمات المفتاحية, أدوات مشرفي المواقع, تحسين السيو الداخلي, تحسين معدل التحويل, بناء الروابط, تحليل المنافسين",2023-03-19T00:00:00
18,https://mostaql.com/u/MohamedM21,Mohamed M.,مطور Full Stack,2025-11-29T00:00:00,منذ دقيقة,1.0,6.0,,,,100.0,100.0,11.11,54.55,11.0,20 دقيقة,20.0,"[""ووردبريس"", ""تطوير الويب"", ""CSS3"", ""React"", ""MySQL"", ""مايكروسوفت إس كيو إل سيرفر"", ""جافا سكريبت"", ""HTML"", ""ASP.NET"", ""تصميم موقع إلكتروني"", ""Angular.js"", ""Next.js"", ""بوتستراب"", ""ASP.NET MVC"", ""لارافيل"", ""PHP"", ""باوربوينت"", ""مايكروسوفت إكسل"", ""الترجمة"", ""تصميم صفحات الهبوط""]",20.0,ok,"['html_size', 'has_h1', 'has_stats_table', 'has_skills', 'has_profile_name']",74.97,"ووردبريس, تطوير الويب, CSS3, React, MySQL, مايكروسوفت إس كيو إل سيرفر, جافا سكريبت, HTML, ASP.NET, تصميم موقع إلكتروني, Angular.js, Next.js, بوتستراب, ASP.NET MVC, لارافيل, PHP, باوربوينت, مايكروسوفت إكسل, الترجمة, تصميم صفحات الهبوط",2025-11-29T00:00:00
19,https://mostaql.com/u/Ahmed_Halaby,Ahmed H.,مهندس معماري,2024-09-15T00:00:00,منذ دقيقة,,24.0,,,,100.0,100.0,50.0,20.0,6.0,55 دقيقة,55.0,"[""3ds Max"", ""تصميم"", ""تصميم 2d"", ""الفكرة التصميمية"", ""البناء المعماري"", ""تصميم معماري"", ""هندسة معمارية"", ""إظهار معماري"", ""تجسيد 3D"", ""تصميم مخططات معمارية"", ""تصميم لاندسكيب"", ""تصميم الواجهات المعمارية"", ""لوميون"", ""تصميم منزل"", ""أوتوكاد"", ""تصميم داخلي"", ""ريفيت"", ""تصميم نماذج 3D"", ""تصميم 3D"", ""مخططات فلل"", ""تصميم فلل"", ""تصميم الأثاث"", ""تخطيط حضري"", ""الرسم التوضيحي"", ""فوتوشوب"", ""تصميم كافيهات"", ""تصميم هندسي"", ""الهندسة"", ""تصاميم ثري دي ماكس"", ""نمذجة معلومات البناء BIM""]",30.0,ok,"['html_size', 'has_h1', 'has_stats_table', 'has_skills', 'has_profile_name']",74.86,"3ds Max, تصميم, تصميم 2d, الفكرة التصميمية, البناء المعماري, تصميم معماري, هندسة معمارية, إظهار معماري, تجسيد 3D, تصميم مخططات معمارية, تصميم لاندسكيب, تصميم الواجهات المعمارية, لوميون, تصميم منزل, أوتوكاد, تصميم داخلي, ريفيت, تصميم نماذج 3D, تصميم 3D, مخططات فلل, تصميم فلل, تصميم الأثاث, تخطيط حضري, الرسم التوضيحي, فوتوشوب, تصميم كافيهات, تصميم هندسي, الهندسة, تصاميم ثري دي ماكس, نمذجة معلومات البناء BIM",2024-09-15T00:00:00
20,https://mostaql.com/u/HAMZA_FB,Hamza B.,مهندس تقني,2022-03-29T00:00:00,منذ دقيقة,1.0,17.0,,,,95.65,79.55,20.0,50.0,44.0,42 دقيقة,42.0,"[""إعادة صياغة المحتوى"", ""تصميم شعار"", ""تصميم عروض تقديمية"", ""كتابة سيرة ذاتية"", ""كتابة التقارير"", ""اللغة الإنجليزية"", ""تصميم بروفايل"", ""باوربوينت"", ""تحويل PDF"", ""مايكروسوفت أوفيس"", ""كتابة مقالات"", ""Adobe Illustrator"", ""فوتوشوب"", ""كتابة المحتوى"", ""تصميم بروشور"", ""تصميم إعلان""]",16.0,ok,"['html_size', 'has_h1', 'has_stats_table', 'has_skills', 'has_profile_name']",73.97,"إعادة صياغة المحتوى, تصميم شعار, تصميم عروض تقديمية, كتابة سيرة ذاتية, كتابة التقارير, اللغة الإنجليزية, تصميم بروفايل, باوربوينت, تحويل PDF, مايكروسوفت أوفيس, كتابة مقالات, Adobe Illustrator, فوتوشوب, كتابة المحتوى, تصميم بروشور, تصميم إعلان",2022-03-29T00:00:00
21,https://mostaql.com/u/Mathew_Osama,Mathew O.,مطور ويب,2023-05-30T00:00:00,منذ دقيقة,1.0,6.0,,,,90.32,100.0,16.67,29.91,28.0,46 دقيقة,46.0,"[""تصميم موقع إلكتروني"", ""إنشاء موقع إلكتروني"", ""Git"", ""GitHub"", ""MySQL"", ""بوتستراب 5"", ""html5"", ""CSS"", ""جافا سكريبت"", ""node.js"", ""لارافيل"", ""PHP"", ""إنشاء موقع ووردبريس"", ""تطوير الويب"", ""jQuery"", ""ووردبريس"", ""برمجة مواقع"", ""React"", ""إنشاء مدونة ووردبريس"", ""إنشاء متجر إلكتروني""]",20.0,ok,"['html_size', 'has_h1', 'has_stats_table', 'has_skills', 'has_profile_name']",73.57,"تصميم موقع إلكتروني, إنشاء موقع إلكتروني, Git, GitHub, MySQL, بوتستراب 5, html5, CSS, جافا سكريبت, node.js, لارافيل, PHP, إنشاء موقع ووردبريس, تطوير الويب, jQuery, ووردبريس, برمجة مواقع, React, إنشاء مدونة ووردبريس, إنشاء متجر إلكتروني",2023-05-30T00:00:00
22,https://mostaql.com/u/ahmed_fawzy_ver,احمد ف.,مطور Full Stack,2021-08-09T00:00:00,منذ دقيقة,2.0,23.0,,,,95.65,90.91,30.77,24.75,22.0,ساعتين و 27 دقيقة,147.0,"[""تصحيح برمجي"", ""Git"", ""node.js"", ""html5"", ""CSS"", ""CSS3"", ""HTML"", ""Back End"", ""Front End"", ""تصميم موقع إلكتروني""]",10.0,ok,"['html_size', 'has_h1', 'has_stats_table', 'has_skills', 'has_profile_name']",73.57,"تصحيح برمجي, Git, node.js, html5, CSS, CSS3, HTML, Back End, Front End, تصميم موقع إلكتروني",2021-08-09T00:00:00
23,https://mostaql.com/u/eman_hamdy_ali,Eman H.,مبرمج ومطور ويب,2020-11-20T00:00:00,منذ دقيقة,1.0,0.0,,,,94.44,94.12,37.5,20.65,17.0,ساعتين و 0 دقيقة,120.0,"[""PHP"", ""جافا سكريبت"", ""بوتستراب"", ""jQuery"", ""MySQL"", ""تطوير البرمجيات"", ""برمجة قواعد البيانات"", ""أجاكس"", ""Livewire"", ""لارافيل""]",10.0,ok,"['html_size', 'has_h1', 'has_stats_table', 'has_skills', 'has_profile_name']",73.52,"PHP, جافا سكريبت, بوتستراب, jQuery, MySQL, تطوير البرمجيات, برمجة قواعد البيانات, أجاكس, Livewire, لارافيل",2020-11-20T00:00:00
24,https://mostaql.com/u/MahmoudElZayady,Mahmoud E.,مطور تطبيقات الجوال,2024-02-19T00:00:00,منذ دقيقة,1.0,11.0,,,,100.0,100.0,40.0,11.11,7.0,ساعة و 24 دقيقة,84.0,"[""تصميم UI UX"", ""Figma"", ""تطوير التطبيقات"", ""flutter"", ""تصميم تطبيقات"", ""تصميم واجهة المستخدم"", ""برمجة iOS"", ""Dart"", ""برمجة أندرويد"", ""برمجة تطبيقات أيفون"", ""Unity 3D"", ""برمجة التطبيقات"", ""تصميم تطبيقات الهواتف الذكية"", ""فايربيس"", ""Firebase Cloud Firestore""]",15.0,ok,"['html_size', 'has_h1', 'has_stats_table', 'has_skills', 'has_profile_name']",73.45,"تصميم UI UX, Figma, تطوير التطبيقات, flutter, تصميم تطبيقات, تصميم واجهة المستخدم, برمجة iOS, Dart, برمجة أندرويد, برمجة تطبيقات أيفون, Unity 3D, برمجة التطبيقات, تصميم تطبيقات الهواتف الذكية, فايربيس, Firebase Cloud Firestore",2024-02-19T00:00:00
25,https://mostaql.com/u/Hadeerbatea,هدير ب.,مديرة تسويق,2022-06-27T00:00:00,منذ دقيقة,,8.0,25.0,1.0,,97.87,69.57,37.04,25.0,46.0,4 ساعات و 29 دقيقة,269.0,"[""كتابة المحتوى"", ""البحث على الإنترنت"", ""التسويق عبر الفيس بوك"", ""التسويق عبر مواقع التواصل الاجتماعي"", ""الإعلان"", ""التسويق عبر الإنستقرام"", ""إنشاء حملة إعلانية"", ""التسويق بالمحتوى"", ""خطة تسويقية"", ""إعادة صياغة المحتوى""]",10.0,ok,"['html_size', 'has_h1', 'has_stats_table', 'has_skills', 'has_profile_name']",72.45,"كتابة المحتوى, البحث على الإنترنت, التسويق عبر الفيس بوك, التسويق عبر مواقع التواصل الاجتماعي, الإعلان, التسويق عبر الإنستقرام, إنشاء حملة إعلانية, التسويق بالمحتوى, خطة تسويقية, إعادة صياغة المحتوى",2022-06-27T00:00:00
26,https://mostaql.com/u/abdullahh77,عبدالله م.,مهندس برمجيات,2025-11-28T00:00:00,منذ دقيقة,,8.0,,,,100.0,100.0,0.0,47.37,9.0,36 دقيقة,36.0,"[""مايكروسوفت إكسل"", ""إدخال بيانات"", ""اللغة الإنجليزية"", ""مايكروسوفت وورد"", ""ووردبريس"", ""باوربوينت"", ""دوت نت فريموورك"", ""CSS"", ""اللغة الألمانية"", ""HTML""]",10.0,ok,"['html_size', 'has_h1', 'has_stats_table', 'has_skills', 'has_profile_name']",72.38,"مايكروسوفت إكسل, إدخال بيانات, اللغة الإنجليزية, مايكروسوفت وورد, ووردبريس, باوربوينت, دوت نت فريموورك, CSS, اللغة الألمانية, HTML",2025-11-28T00:00:00
27,https://mostaql.com/u/omar_ghoz,Omar G.,مهندس برمجيات,2025-10-01T00:00:00,منذ دقيقة,,6.0,,,,100.0,66.67,100.0,42.86,3.0,57 دقيقة,57.0,"[""تصميم داش بورد"", ""web scraping"", ""بايثون"", ""PostgreSQL"", ""MySQL"", ""مايكروسوفت إس كيو إل سيرفر"", ""إدارة قواعد البيانات"", ""البيانات الضخمة"", ""معالجة البيانات"", ""تخصيص نماذج الذكاء الاصطناعي""]",10.0,ok,"['html_size', 'has_h1', 'has_stats_table', 'has_skills', 'has_profile_name']",72.27,"تصميم داش بورد, web scraping, بايثون, PostgreSQL, MySQL, مايكروسوفت إس كيو إل سيرفر, إدارة قواعد البيانات, البيانات الضخمة, معالجة البيانات, تخصيص نماذج الذكاء الاصطناعي",2025-10-01T00:00:00
28,https://mostaql.com/u/Marwa1_Faisal1,Marwa F.,مبرمجة ومطورة Odoo,2024-05-04T00:00:00,منذ دقيقة,,6.0,,,,100.0,100.0,33.33,26.67,4.0,ساعة و 12 دقيقة,72.0,"[""ووردبريس"", ""PHP"", ""جافا سكريبت"", ""تصميم موقع إلكتروني"", ""CSS"", ""HTML"", ""بوتستراب 5"", ""React"", ""بايثون"", ""أودو""]",10.0,ok,"['html_size', 'has_h1', 'has_stats_table', 'has_skills', 'has_profile_name']",72.14,"ووردبريس, PHP, جافا سكريبت, تصميم موقع إلكتروني, CSS, HTML, بوتستراب 5, React, بايثون, أودو",2024-05-04T00:00:00
29,https://mostaql.com/u/Mohamed_Fayez1,Mohammed F.,محرر فيديو,2023-09-25T00:00:00,منذ دقيقة,,8.0,,,,100.0,73.91,25.0,46.0,23.0,8 ساعات و 42 دقيقة,522.0,"[""ترجمة فيديو"", ""التسويق عبر مواقع التواصل الاجتماعي"", ""تصميم"", ""التسويق عبر الفيس بوك"", ""أدوبي بريمير"", ""إنتاج الفيديو"", ""مونتاج فيديو""]",7.0,ok,"['html_size', 'has_h1', 'has_stats_table', 'has_skills', 'has_profile_name']",72.01,"ترجمة فيديو, التسويق عبر مواقع التواصل الاجتماعي, تصميم, التسويق عبر الفيس بوك, أدوبي بريمير, إنتاج الفيديو, مونتاج فيديو",2023-09-25T00:00:00
30,https://mostaql.com/u/AbdulazizAH,Abdulaziz H.,مطور Full Stack,2022-07-12T00:00:00,منذ دقيقة,,5.0,36.06,69.0,,100.0,100.0,7.14,9.09,15.0,ساعة و 56 دقيقة,116.0,"[""مايكروسوفت إكسل"", ""تحويل PDF"", ""مايكروسوفت أوفيس"", ""إعادة صياغة المحتوى"", ""كتابة المحتوى"", ""الترجمة"", ""مايكروسوفت وورد"", ""اللغة الإنجليزية"", ""اللغة العربية"", ""التسويق الإلكتروني"", ""التسويق عبر الإنترنت"", ""البحث على الإنترنت"", ""تصميم بوسترات"", ""تعديل الصور"", ""تصميم إعلان"", ""تصميم شعار"", ""فوتوشوب"", ""CSS"", ""HTML"", ""إدخال بيانات""]",20.0,ok,"['html_size', 'has_h1', 'has_stats_table', 'has_skills', 'has_profile_name']",71.93,"مايكروسوفت إكسل, تحويل PDF, مايكروسوفت أوفيس, إعادة صياغة المحتوى, كتابة المحتوى, الترجمة, مايكروسوفت وورد, اللغة الإنجليزية, اللغة العربية, التسويق الإلكتروني, التسويق عبر الإنترنت, البحث على الإنترنت, تصميم بوسترات, تعديل الصور, تصميم إعلان, تصميم شعار, فوتوشوب, CSS, HTML, إدخال بيانات",2022-07-12T00:00:00
31,https://mostaql.com/u/mohamednady184,Mohamed N.,مصمم عروض تقديمية,2023-11-22T00:00:00,منذ دقيقة,,8.0,,,,100.0,100.0,33.33,21.05,4.0,ساعتين و 29 دقيقة,149.0,"[""تنسيق النصوص"", ""تحويل PDF"", ""تفريغ النصوص"", ""مايكروسوفت وورد"", ""مايكروسوفت أوفيس"", ""باوربوينت"", ""تصميم عروض تقديمية"", ""تصميم عروض بوربوينت"", ""تصميم انفوجرافيك""]",9.0,ok,"['html_size', 'has_h1', 'has_stats_table', 'has_skills', 'has_profile_name']",71.69,"تنسيق النصوص, تحويل PDF, تفريغ النصوص, مايكروسوفت وورد, مايكروسوفت أوفيس, باوربوينت, تصميم عروض تقديمية, تصميم عروض بوربوينت, تصميم انفوجرافيك",2023-11-22T00:00:00
32,https://mostaql.com/u/Ibra_Sma,Brahim S.,كاتب ومحرر وباحث,2020-03-10T00:00:00,منذ دقيقة,2.0,4.0,,,,94.44,82.35,17.24,31.67,34.0,6 ساعات و 58 دقيقة,418.0,"[""تصميم كتب إلكترونية"", ""تنسيق الكتب"", ""كتابة مقالات"", ""كتابة المحتوى"", ""التدقيق اللغوي"", ""الترجمة"", ""اللغة العربية"", ""اللغة الفرنسية"", ""اللغة الإنجليزية""]",9.0,ok,"['html_size', 'has_h1', 'has_stats_table', 'has_skills', 'has_profile_name']",71.51,"تصميم كتب إلكترونية, تنسيق الكتب, كتابة مقالات, كتابة المحتوى, التدقيق اللغوي, الترجمة, اللغة العربية, اللغة الفرنسية, اللغة الإنجليزية",2020-03-10T00:00:00
33,https://mostaql.com/u/Ali_Mahran666,Ali M.,مهندس بيانات,2025-01-25T00:00:00,منذ دقيقة,,6.0,,,,100.0,100.0,0.0,25.71,9.0,5 ساعات و 17 دقيقة,317.0,"[""برمجة"", ""تحويل PDF"", ""تدريب عن بعد"", ""مايكروسوفت أوفيس"", ""مايكروسوفت إكسل""]",5.0,ok,"['html_size', 'has_h1', 'has_stats_table', 'has_skills', 'has_profile_name']",70.65,"برمجة, تحويل PDF, تدريب عن بعد, مايكروسوفت أوفيس, مايكروسوفت إكسل",2025-01-25T00:00:00
34,https://mostaql.com/u/iyadhoubi,إياد ا.,استاذ جامعي ومحلل بيانات,2025-10-24T00:00:00,منذ دقيقة,,3.0,,,,100.0,100.0,0.0,100.0,1.0,لم يحسب بعد,0.0,"[""التحليل الإحصائي"", ""النظام الإحصائي SPSS"", ""بايثون"", ""تدريس خصوصي"", ""تعلم الآلة"", ""مايكروسوفت وورد"", ""مايكروسوفت إكسل""]",7.0,ok,"['html_size', 'has_h1', 'has_stats_table', 'has_skills', 'has_profile_name']",70.59,"التحليل الإحصائي, النظام الإحصائي SPSS, بايثون, تدريس خصوصي, تعلم الآلة, مايكروسوفت وورد, مايكروسوفت إكسل",2025-10-24T00:00:00
35,https://mostaql.com/u/soufianewm,Soufiane E.,أخصائي إعلانات جووجل أدز,2024-11-09T00:00:00,منذ دقيقة,,3.0,,,,100.0,100.0,0.0,100.0,1.0,8 دقائق,8.0,"[""تصميم موقع إلكتروني"", ""التسويق عبر الإنترنت"", ""بحث السوق"", ""التسويق الإلكتروني"", ""إدارة المبيعات"", ""التسويق عبر محركات البحث"", ""اللغة الإنجليزية"", ""حملة إعلانية""]",8.0,ok,"['html_size', 'has_h1', 'has_stats_table', 'has_skills', 'has_profile_name']",70.59,"تصميم موقع إلكتروني, التسويق عبر الإنترنت, بحث السوق, التسويق الإلكتروني, إدارة المبيعات, التسويق عبر محركات البحث, اللغة الإنجليزية, حملة إعلانية",2024-11-09T00:00:00
36,https://mostaql.com/u/Ahmed_AbuRizk,Ahmed A.,مصمم جرافيك,2020-08-12T00:00:00,منذ دقيقة,,24.0,,,,88.24,100.0,16.67,27.42,15.0,ساعة و 8 دقائق,68.0,"[""After Effects"", ""Adobe Illustrator"", ""تصميم انفوجرافيك"", ""الإعلان"", ""تصميم شعار"", ""تصميم جرافيك"", ""فوتوشوب"", ""باوربوينت"", ""اللغة العربية"", ""تصميم"", ""تصميمات سوشيال ميديا"", ""مايكروسوفت إكسل"", ""إدخال بيانات"", ""تصميم إعلان"", ""التصميم الإبداعي""]",15.0,ok,"['html_size', 'has_h1', 'has_stats_table', 'has_skills', 'has_profile_name']",70.42,"After Effects, Adobe Illustrator, تصميم انفوجرافيك, الإعلان, تصميم شعار, تصميم جرافيك, فوتوشوب, باوربوينت, اللغة العربية, تصميم, تصميمات سوشيال ميديا, مايكروسوفت إكسل, إدخال بيانات, تصميم إعلان, التصميم الإبداعي",2020-08-12T00:00:00
37,https://mostaql.com/u/ahmed_abdelb,احمد ع.,مهندس برمجيات,2024-12-22T00:00:00,منذ دقيقة,,9.0,,,,100.0,75.0,50.0,57.14,4.0,17 دقيقة,17.0,"[""تصميم موقع إلكتروني"", ""HTML"", ""تصميم واجهة المستخدم"", ""html5"", ""جافا سكريبت"", ""React"", ""Next.js"", ""Tailwind CSS"", ""لارافيل"", ""PHP""]",10.0,ok,"['html_size', 'has_h1', 'has_stats_table', 'has_skills', 'has_profile_name']",70.33,"تصميم موقع إلكتروني, HTML, تصميم واجهة المستخدم, html5, جافا سكريبت, React, Next.js, Tailwind CSS, لارافيل, PHP",2024-12-22T00:00:00
38,https://mostaql.com/u/hasidr,Hassan E.,كاتب مهندس لغات,2018-01-24T00:00:00,منذ دقيقة,,15.0,,,,90.0,88.89,40.0,37.04,9.0,3 ساعات و 35 دقيقة,215.0,"[""ووردبريس"", ""تحويل PDF"", ""التسويق الإلكتروني"", ""تصميم موقع إلكتروني"", ""مايكروسوفت أوفيس"", ""إدارة المواقع"", ""إنتاج الفيديو"", ""تصميم بنرات"", ""تصميم شعار"", ""فوتوشوب""]",10.0,ok,"['html_size', 'has_h1', 'has_stats_table', 'has_skills', 'has_profile_name']",70.08,"ووردبريس, تحويل PDF, التسويق الإلكتروني, تصميم موقع إلكتروني, مايكروسوفت أوفيس, إدارة المواقع, إنتاج الفيديو, تصميم بنرات, تصميم شعار, فوتوشوب",2018-01-24T00:00:00
39,https://mostaql.com/u/Hema_Ahmed,Ibrahim A.,مهندس برمجيات,2020-10-18T00:00:00,منذ دقيقة,,0.0,,,,100.0,81.82,28.57,22.45,11.0,ساعة و 46 دقيقة,106.0,"[""JSON"", ""CSS3"", ""أجاكس"", ""html5"", ""Bootstrap4"", ""واجهة برمجة التطبيقات"", ""جافا سكريبت"", ""jQuery"", ""SQL"", ""C# Programming""]",10.0,ok,"['html_size', 'has_h1', 'has_stats_table', 'has_skills', 'has_profile_name']",69.95,"JSON, CSS3, أجاكس, html5, Bootstrap4, واجهة برمجة التطبيقات, جافا سكريبت, jQuery, SQL, C# Programming",2020-10-18T00:00:00
40,https://mostaql.com/u/22Emad_Ahmed,عماد ع.,محلل بيانات,2021-08-30T00:00:00,منذ دقيقة,1.0,19.0,,,,94.74,77.78,2.86,41.05,36.0,32 دقيقة,32.0,"[""إدارة قواعد البيانات"", ""إدخال بيانات"", ""استخراج البيانات"", ""معالجة البيانات"", ""تدريس خصوصي"", ""مايكروسوفت أوفيس"", ""الإحصاء"", ""تصميم عروض تقديمية"", ""تحليل الأعمال"", ""فيجوال بيسك للتطبيقات VBA"", ""التحليل الإحصائي"", ""بايثون"", ""تحليل البيانات"", ""تصوير البيانات"", ""Power BI"", ""مايكروسوفت إكسل"", ""Tableau"", ""SQL"", ""تصميم داش بورد"", ""جداول بيانات جوجل""]",20.0,ok,"['html_size', 'has_h1', 'has_stats_table', 'has_skills', 'has_profile_name']",69.7,"إدارة قواعد البيانات, إدخال بيانات, استخراج البيانات, معالجة البيانات, تدريس خصوصي, مايكروسوفت أوفيس, الإحصاء, تصميم عروض تقديمية, تحليل الأعمال, فيجوال بيسك للتطبيقات VBA, التحليل الإحصائي, بايثون, تحليل البيانات, تصوير البيانات, Power BI, مايكروسوفت إكسل, Tableau, SQL, تصميم داش بورد, جداول بيانات جوجل",2021-08-30T00:00:00
41,https://mostaql.com/u/mohagag530,مصطفي ح.,محلل بيانات,2021-12-06T00:00:00,منذ دقيقة,2.0,24.0,,,,91.76,74.36,4.05,26.57,78.0,5 ساعات و 51 دقيقة,351.0,"[""جداول بيانات جوجل"", ""الإحصاء"", ""معالجة البيانات"", ""برمجة"", ""تحليل البيانات"", ""SQL"", ""الرياضيات"", ""Tableau"", ""تصميم داش بورد"", ""Power BI"", ""مايكروسوفت إكسل""]",11.0,ok,"['html_size', 'has_h1', 'has_stats_table', 'has_skills', 'has_profile_name']",69.62,"جداول بيانات جوجل, الإحصاء, معالجة البيانات, برمجة, تحليل البيانات, SQL, الرياضيات, Tableau, تصميم داش بورد, Power BI, مايكروسوفت إكسل",2021-12-06T00:00:00
42,https://mostaql.com/u/mhtamimi,Mohammed A.,مونتير محرر فيديو,2023-04-12T00:00:00,منذ دقيقة,,7.0,,,,100.0,81.82,28.57,18.33,11.0,ساعة و 16 دقيقة,76.0,"[""أدوبي بريمير"", ""إنتاج الفيديو"", ""ترجمة فيديو"", ""تصوير الفيديو"", ""صناعة فيديو إعلاني"", ""تصميم فيديو"", ""مونتاج فيديو"", ""تعديل الصوت""]",8.0,ok,"['html_size', 'has_h1', 'has_stats_table', 'has_skills', 'has_profile_name']",69.62,"أدوبي بريمير, إنتاج الفيديو, ترجمة فيديو, تصوير الفيديو, صناعة فيديو إعلاني, تصميم فيديو, مونتاج فيديو, تعديل الصوت",2023-04-12T00:00:00
43,https://mostaql.com/u/basmalahany9090,Basmala H.,مصمم جرافيك,2026-03-02T00:00:00,منذ دقيقة,,4.0,,,,100.0,100.0,0.0,66.67,2.0,38 دقيقة,38.0,"[""مونتاج فيديو"", ""Adobe Illustrator"", ""تصميم بوسترات"", ""فوتوشوب"", ""تصميم شعار"", ""تصميم جرافيك"", ""After Effects"", ""تصميم إعلان"", ""تصميم 3D"", ""تصميم ملصقات المنتجات""]",10.0,ok,"['html_size', 'has_h1', 'has_stats_table', 'has_skills', 'has_profile_name']",69.43,"مونتاج فيديو, Adobe Illustrator, تصميم بوسترات, فوتوشوب, تصميم شعار, تصميم جرافيك, After Effects, تصميم إعلان, تصميم 3D, تصميم ملصقات المنتجات",2026-03-02T00:00:00
44,https://mostaql.com/u/elham_kamal18,الهام أ.,مصمم جرافيك,2021-10-26T00:00:00,منذ دقيقة,,10.0,,,,100.0,85.71,16.67,38.89,7.0,ساعتين و دقيقتين,122.0,"[""تصميم دعوات"", ""تصميم بنرات"", ""الفكرة التصميمية"", ""تصميم أغلفة"", ""تصميم هوية تجارية"", ""تصميم بوسترات"", ""تعديل الصور"", ""تصميم إعلان"", ""تصميم شعار"", ""تصميم جرافيك""]",10.0,ok,"['html_size', 'has_h1', 'has_stats_table', 'has_skills', 'has_profile_name']",69.3,"تصميم دعوات, تصميم بنرات, الفكرة التصميمية, تصميم أغلفة, تصميم هوية تجارية, تصميم بوسترات, تعديل الصور, تصميم إعلان, تصميم شعار, تصميم جرافيك",2021-10-26T00:00:00
45,https://mostaql.com/u/Abdelaziz_9278,Ahmed A.,مهندس برمجيات,2025-08-24T00:00:00,منذ دقيقة,,7.0,,,,100.0,85.71,20.0,33.33,7.0,52 دقيقة,52.0,"[""جافا سكريبت"", ""CSS3"", ""html5"", ""إنشاء سيرة ذاتية"", ""تصميم قواعد البيانات"", ""GitHub"", ""Restful API"", ""مايكروسوفت إس كيو إل سيرفر"", ""C# Programming"", ""ASP.NET""]",10.0,ok,"['html_size', 'has_h1', 'has_stats_table', 'has_skills', 'has_profile_name']",69.25,"جافا سكريبت, CSS3, html5, إنشاء سيرة ذاتية, تصميم قواعد البيانات, GitHub, Restful API, مايكروسوفت إس كيو إل سيرفر, C# Programming, ASP.NET",2025-08-24T00:00:00
46,https://mostaql.com/u/diaasaid74,Diaa A.,مصمم جرافيك,2020-06-27T00:00:00,منذ دقيقة,1.0,8.0,,,,94.35,45.3,22.22,54.82,117.0,يوم و 7 ساعات,1860.0,"[""Adobe Illustrator"", ""التصميم الإبداعي"", ""فوتوشوب"", ""تصميم إعلان"", ""تصميم بنرات"", ""تصميم بوسترات"", ""تصميم جرافيك"", ""تصميم شعار"", ""فوتوشوب"", ""اللغة الإنجليزية"", ""أدوبي بريمير"", ""After Effects""]",12.0,ok,"['html_size', 'has_h1', 'has_stats_table', 'has_skills', 'has_profile_name']",69.2,"Adobe Illustrator, التصميم الإبداعي, فوتوشوب, تصميم إعلان, تصميم بنرات, تصميم بوسترات, تصميم جرافيك, تصميم شعار, فوتوشوب, اللغة الإنجليزية, أدوبي بريمير, After Effects",2020-06-27T00:00:00
47,https://mostaql.com/u/Mohamed3150,محمد أ.,مصمم موشن جرافيك,2024-08-15T00:00:00,منذ دقيقة,1.0,8.0,,,,93.1,74.07,19.05,40.54,27.0,33 دقيقة,33.0,"[""تصميم شخصيات"", ""سينما 4D"", ""After Effects"", ""أدوبي أوديشن"", ""أدوبي بريمير"", ""Adobe Illustrator"", ""فوتوشوب"", ""تصميم 3D"", ""تصميم موشن جرافيك""]",9.0,ok,"['html_size', 'has_h1', 'has_stats_table', 'has_skills', 'has_profile_name']",69.06,"تصميم شخصيات, سينما 4D, After Effects, أدوبي أوديشن, أدوبي بريمير, Adobe Illustrator, فوتوشوب, تصميم 3D, تصميم موشن جرافيك",2024-08-15T00:00:00
48,https://mostaql.com/u/AhmedMedhat999,احمد م.,مصمم جرافيك ومصمم Ui Ux,2025-08-19T00:00:00,منذ دقيقة,,10.0,,,,100.0,100.0,0.0,36.36,4.0,ساعتين و 39 دقيقة,159.0,"[""تصميم UI UX"", ""تصميم واجهة المستخدم"", ""Adobe Illustrator"", ""تصميم موقع إلكتروني"", ""تصميم بوسترات"", ""فوتوشوب"", ""تصميم شعار"", ""تصميم صفحات الهبوط"", ""تصميم جرافيك"", ""تصميم إعلان""]",10.0,ok,"['html_size', 'has_h1', 'has_stats_table', 'has_skills', 'has_profile_name']",68.91,"تصميم UI UX, تصميم واجهة المستخدم, Adobe Illustrator, تصميم موقع إلكتروني, تصميم بوسترات, فوتوشوب, تصميم شعار, تصميم صفحات الهبوط, تصميم جرافيك, تصميم إعلان",2025-08-19T00:00:00
49,https://mostaql.com/u/Mohamed___Helal,Mohaemd H.,محلل بيانات,2026-02-21T00:00:00,منذ دقيقة,,4.0,,,,100.0,100.0,0.0,50.0,2.0,3 دقائق,3.0,"[""معالجة البيانات"", ""تعلم الآلة"", ""بايثون"", ""النظام الإحصائي SPSS"", ""SQL"", ""web scraping"", ""Power BI"", ""إدخال بيانات"", ""Figma"", ""تصميم UI UX""]",10.0,ok,"['html_size', 'has_h1', 'has_stats_table', 'has_skills', 'has_profile_name']",68.1,"معالجة البيانات, تعلم الآلة, بايثون, النظام الإحصائي SPSS, SQL, web scraping, Power BI, إدخال بيانات, Figma, تصميم UI UX",2026-02-21T00:00:00
50,https://mostaql.com/u/Mohab_Mohamed10,Mohab M.,مصمم UI UX,2025-05-08T00:00:00,منذ دقيقة,1.0,10.0,,,,100.0,100.0,0.0,66.67,1.0,32 دقيقة,32.0,"[""Adobe Illustrator"", ""تصميم تطبيقات الهواتف الذكية"", ""Figma"", ""تصميم UI UX"", ""تصميم واجهة المستخدم"", ""تصميم تجربة المستخدم"", ""تصميم جرافيك"", ""الفكرة التصميمية"", ""Adobe InDesign""]",9.0,ok,"['html_size', 'has_h1', 'has_stats_table', 'has_skills', 'has_profile_name']",67.92,"Adobe Illustrator, تصميم تطبيقات الهواتف الذكية, Figma, تصميم UI UX, تصميم واجهة المستخدم, تصميم تجربة المستخدم, تصميم جرافيك, الفكرة التصميمية, Adobe InDesign",2025-05-08T00:00:00
51,https://mostaql.com/u/Amr_eltfahny,Amr E.,مهندس معماري,2018-12-12T00:00:00,منذ دقيقة,,16.0,,,,90.91,90.0,5.26,13.84,20.0,ساعتين و 39 دقيقة,159.0,"[""تصميم ديكور"", ""تصميم معماري"", ""أوتوكاد"", ""تصميم الواجهات المعمارية"", ""3ds Max"", ""تصميم منزل"", ""تخطيط حضري"", ""تصميم 3D"", ""البناء المعماري"", ""تصميم داخلي""]",10.0,ok,"['html_size', 'has_h1', 'has_stats_table', 'has_skills', 'has_profile_name']",67.41,"تصميم ديكور, تصميم معماري, أوتوكاد, تصميم الواجهات المعمارية, 3ds Max, تصميم منزل, تخطيط حضري, تصميم 3D, البناء المعماري, تصميم داخلي",2018-12-12T00:00:00
52,https://mostaql.com/u/ziad_hamed9022,زياد ح.,مهندس ذكاء اصطناعي,2025-08-25T00:00:00,منذ دقيقة,,4.0,,,,100.0,100.0,0.0,40.0,2.0,ساعتين و 7 دقائق,127.0,"[""بوتستراب"", ""تعلم الآلة"", ""التسويق عبر الإنترنت"", ""البحث على الإنترنت"", ""التسويق عبر مواقع التواصل الاجتماعي"", ""تصحيح برمجي"", ""تحويل PDF"", ""البحث والتطوير"", ""التعلم العميق"", ""الذكاء الاصطناعي""]",10.0,ok,"['html_size', 'has_h1', 'has_stats_table', 'has_skills', 'has_profile_name']",67.3,"بوتستراب, تعلم الآلة, التسويق عبر الإنترنت, البحث على الإنترنت, التسويق عبر مواقع التواصل الاجتماعي, تصحيح برمجي, تحويل PDF, البحث والتطوير, التعلم العميق, الذكاء الاصطناعي",2025-08-25T00:00:00
53,https://mostaql.com/u/Aissam_Aitahmed,عصام أ.,مهندس برمجيات,2021-10-26T00:00:00,منذ دقيقة,1.0,11.0,50.0,2.0,,87.5,75.0,23.81,31.13,28.0,3 ساعات و 33 دقيقة,213.0,"[""تصميم موقع إلكتروني"", ""برمجة قواعد البيانات"", ""SQL"", ""لارافيل"", ""إدارة المواقع"", ""البرمجة بطريقة MVC"", ""vuejs"", ""تطوير قاعدة بيانات"", ""تطوير الويب"", ""web scraping""]",10.0,ok,"['html_size', 'has_h1', 'has_stats_table', 'has_skills', 'has_profile_name']",67.28,"تصميم موقع إلكتروني, برمجة قواعد البيانات, SQL, لارافيل, إدارة المواقع, البرمجة بطريقة MVC, vuejs, تطوير قاعدة بيانات, تطوير الويب, web scraping",2021-10-26T00:00:00
54,https://mostaql.com/u/Mohamed_Dalloul,Mohamed D.,مصمم موشن جرافيك,2022-09-05T00:00:00,منذ دقيقة,,10.0,,,,100.0,100.0,0.0,33.33,2.0,ساعة و 15 دقيقة,75.0,"[""تصميم موشن جرافيك"", ""التصميم الإبداعي"", ""After Effects"", ""إنتاج الفيديو"", ""Adobe Illustrator"", ""تعديل الصور"", ""تصميم إعلان"", ""تصميم شعار"", ""فوتوشوب"", ""تصميم جرافيك""]",10.0,ok,"['html_size', 'has_h1', 'has_stats_table', 'has_skills', 'has_profile_name']",66.76,"تصميم موشن جرافيك, التصميم الإبداعي, After Effects, إنتاج الفيديو, Adobe Illustrator, تعديل الصور, تصميم إعلان, تصميم شعار, فوتوشوب, تصميم جرافيك",2022-09-05T00:00:00
55,https://mostaql.com/u/alikhedr01,علي خ.,مصمم هوية بصرية,2025-08-19T00:00:00,منذ دقيقة,,10.0,,,,100.0,100.0,0.0,33.33,2.0,3 ساعات و 41 دقيقة,221.0,"[""تصميم إعلان"", ""الفكرة التصميمية"", ""التصميم الإبداعي"", ""تصميم جرافيك"", ""تصميم شعار"", ""فوتوشوب"", ""تصميم بوسترات"", ""اللغة الإنجليزية"", ""Adobe Illustrator"", ""اسكتش اب""]",10.0,ok,"['html_size', 'has_h1', 'has_stats_table', 'has_skills', 'has_profile_name']",66.76,"تصميم إعلان, الفكرة التصميمية, التصميم الإبداعي, تصميم جرافيك, تصميم شعار, فوتوشوب, تصميم بوسترات, اللغة الإنجليزية, Adobe Illustrator, اسكتش اب",2025-08-19T00:00:00
56,https://mostaql.com/u/a_sami_nagy,Sami N.,مصمم ويب,2025-12-09T00:00:00,منذ دقيقة,,3.0,,,,100.0,100.0,0.0,50.0,1.0,ساعتين و 28 دقيقة,148.0,"[""خدمة العملاء"", ""CSS"", ""تصميم موقع إلكتروني"", ""HTML"", ""شوبيفاي"", ""ووردبريس"", ""تصميمات سوشيال ميديا"", ""إدخال بيانات"", ""سلة""]",9.0,ok,"['html_size', 'has_h1', 'has_stats_table', 'has_skills', 'has_profile_name']",66.59,"خدمة العملاء, CSS, تصميم موقع إلكتروني, HTML, شوبيفاي, ووردبريس, تصميمات سوشيال ميديا, إدخال بيانات, سلة",2025-12-09T00:00:00
57,https://mostaql.com/u/Abdulwahed_Musa,عبدالواحد م.,مصمم جرافيك,2023-06-22T00:00:00,منذ دقيقة,,16.0,,,,100.0,100.0,0.0,50.0,1.0,5 ساعات و 18 دقيقة,318.0,"[""تعديل الصور"", ""تصميم إعلان"", ""تصميم بوسترات"", ""الفكرة التصميمية"", ""البحث على الإنترنت"", ""كتابة المحتوى"", ""Adobe Illustrator"", ""التصميم الإبداعي"", ""فوتوشوب"", ""التفكير التصميمي""]",10.0,ok,"['html_size', 'has_h1', 'has_stats_table', 'has_skills', 'has_profile_name']",66.59,"تعديل الصور, تصميم إعلان, تصميم بوسترات, الفكرة التصميمية, البحث على الإنترنت, كتابة المحتوى, Adobe Illustrator, التصميم الإبداعي, فوتوشوب, التفكير التصميمي",2023-06-22T00:00:00
58,https://mostaql.com/u/MohamedAdelEid,Mohamed A.,مهندس برمجيات,2024-10-04T00:00:00,منذ دقيقة,,5.0,,,,100.0,85.71,0.0,25.81,7.0,ساعة و 53 دقيقة,113.0,"[""إنشاء موقع إلكتروني"", ""تصميم داش بورد"", ""Front End"", ""Back End"", ""تطوير الويب"", ""خدمات الويب"", ""هندسة البرمجيات"", ""تحسين محركات البحث"", ""برمجة قواعد البيانات"", ""تصميم موقع إلكتروني""]",10.0,ok,"['html_size', 'has_h1', 'has_stats_table', 'has_skills', 'has_profile_name']",66.25,"إنشاء موقع إلكتروني, تصميم داش بورد, Front End, Back End, تطوير الويب, خدمات الويب, هندسة البرمجيات, تحسين محركات البحث, برمجة قواعد البيانات, تصميم موقع إلكتروني",2024-10-04T00:00:00
59,https://mostaql.com/u/ahmedraafatai,احمد ر.,مهندس ذكاء اصطناعي,2026-03-01T00:00:00,منذ دقيقة,2.0,4.0,,,,100.0,100.0,0.0,25.0,2.0,4 ساعات و 12 دقيقة,252.0,"[""الذكاء الاصطناعي"", ""شات بوت"", ""الأتمتة"", ""تعلم البرمجة"", ""n8n"", ""الأتمة بالذكاء الاصطناعي""]",6.0,ok,"['html_size', 'has_h1', 'has_stats_table', 'has_skills', 'has_profile_name']",66.1,"الذكاء الاصطناعي, شات بوت, الأتمتة, تعلم البرمجة, n8n, الأتمة بالذكاء الاصطناعي",2026-03-01T00:00:00
60,https://mostaql.com/u/IbrahimFatim,Ibrahim F.,مصمم جرافيك,2023-01-28T00:00:00,منذ دقيقة,,9.0,0.0,,,83.33,90.0,28.57,21.43,10.0,4 ساعات و 16 دقيقة,256.0,"[""رسوم متحركة"", ""تصميم نماذج 3D"", ""مايكروسوفت أوفيس"", ""تصميم 3D"", ""مايكروسوفت إكسل"", ""اللغة الإنجليزية"", ""اللغة العربية"", ""التسويق عبر الفيس بوك"", ""التسويق عبر مواقع التواصل الاجتماعي"", ""تصميم دعوات""]",10.0,ok,"['html_size', 'has_h1', 'has_stats_table', 'has_skills', 'has_profile_name']",65.75,"رسوم متحركة, تصميم نماذج 3D, مايكروسوفت أوفيس, تصميم 3D, مايكروسوفت إكسل, اللغة الإنجليزية, اللغة العربية, التسويق عبر الفيس بوك, التسويق عبر مواقع التواصل الاجتماعي, تصميم دعوات",2023-01-28T00:00:00
61,https://mostaql.com/u/adham_mohamed27,Adham M.,مصمم جرافيك,2026-01-29T00:00:00,منذ دقيقة,,6.0,,,,100.0,100.0,0.0,18.18,2.0,ساعتين و 39 دقيقة,159.0,"[""رسوم متحركة 3D"", ""After Effects"", ""تصميم جرافيك"", ""تصميم ملصقات المنتجات"", ""فوتوشوب"", ""إنتاج الفيديو"", ""إنشاء فيديو يوتيوب"", ""Adobe Illustrator"", ""مونتاج فيديو""]",9.0,ok,"['html_size', 'has_h1', 'has_stats_table', 'has_skills', 'has_profile_name']",65.55,"رسوم متحركة 3D, After Effects, تصميم جرافيك, تصميم ملصقات المنتجات, فوتوشوب, إنتاج الفيديو, إنشاء فيديو يوتيوب, Adobe Illustrator, مونتاج فيديو",2026-01-29T00:00:00
62,https://mostaql.com/u/Basel_Ali_28,Basel A.,مصمم تجربة المستخدم,2018-12-17T00:00:00,منذ دقيقة,,18.0,,,,100.0,100.0,0.0,33.33,1.0,ساعتين و 41 دقيقة,161.0,"[""اختبار قابلية الاستخدام"", ""تصميم UI UX"", ""تصميم واجهة المستخدم"", ""تصميم تجربة المستخدم"", ""التصميم الإبداعي"", ""Figma""]",6.0,ok,"['html_size', 'has_h1', 'has_stats_table', 'has_skills', 'has_profile_name']",65.25,"اختبار قابلية الاستخدام, تصميم UI UX, تصميم واجهة المستخدم, تصميم تجربة المستخدم, التصميم الإبداعي, Figma",2018-12-17T00:00:00
63,https://mostaql.com/u/EssamAlAmrosi,Essam M.,سكرتير تنفيذي,2022-05-17T00:00:00,منذ دقيقة,,7.0,,,,100.0,83.33,0.0,26.09,6.0,3 ساعات و 19 دقيقة,199.0,"[""مساعد افتراضي"", ""التدقيق الإملائي الإنجليزي"", ""تحرير المحتوى"", ""البحث والتطوير"", ""إدخال بيانات"", ""التدقيق اللغوي"", ""تحويل PDF"", ""مايكروسوفت أوفيس"", ""إعادة صياغة المحتوى"", ""الترجمة من الإنجليزية للعربية""]",10.0,ok,"['html_size', 'has_h1', 'has_stats_table', 'has_skills', 'has_profile_name']",65.18,"مساعد افتراضي, التدقيق الإملائي الإنجليزي, تحرير المحتوى, البحث والتطوير, إدخال بيانات, التدقيق اللغوي, تحويل PDF, مايكروسوفت أوفيس, إعادة صياغة المحتوى, الترجمة من الإنجليزية للعربية",2022-05-17T00:00:00
64,https://mostaql.com/u/yacine_att,Abdelhamid G.,مهندس برمجيات,2026-04-27T00:00:00,منذ دقيقة,2.0,10.0,,,,100.0,83.33,0.0,24.24,6.0,ساعة و 7 دقائق,67.0,"[""React"", ""React Native"", ""Django"", ""flutter"", ""برمجة التطبيقات"", ""برمجة مواقع"", ""برمجة أندرويد"", ""برمجة iOS"", ""تطوير الويب"", ""تطوير البرمجيات""]",10.0,ok,"['html_size', 'has_h1', 'has_stats_table', 'has_skills', 'has_profile_name']",65.03,"React, React Native, Django, flutter, برمجة التطبيقات, برمجة مواقع, برمجة أندرويد, برمجة iOS, تطوير الويب, تطوير البرمجيات",2026-04-27T00:00:00
65,https://mostaql.com/u/Mohamed_Nabahin,محمد ا.,محاسب مالي,2022-07-06T00:00:00,منذ دقيقة,,4.0,,,,100.0,100.0,0.0,10.0,2.0,5 ساعات و 7 دقائق,307.0,"[""استشارات مالية"", ""إدارة الممتلكات"", ""إدارة المخزون"", ""التحليل المالي"", ""ضبط الحسابات"", ""خطة عمل"", ""باوربوينت"", ""الإدارة المالية"", ""مايكروسوفت إكسل"", ""تدقيق حسابات"", ""محاسبة"", ""إدارة المشاريع"", ""إدارة المشاريع"", ""إدخال بيانات""]",14.0,ok,"['html_size', 'has_h1', 'has_stats_table', 'has_skills', 'has_profile_name']",64.9,"استشارات مالية, إدارة الممتلكات, إدارة المخزون, التحليل المالي, ضبط الحسابات, خطة عمل, باوربوينت, الإدارة المالية, مايكروسوفت إكسل, تدقيق حسابات, محاسبة, إدارة المشاريع, إدارة المشاريع, إدخال بيانات",2022-07-06T00:00:00
66,https://mostaql.com/u/Ahmed_9_6,Ahmed D.,محلل بيانات,2020-04-04T00:00:00,منذ دقيقة,,6.0,,,,100.0,100.0,0.0,25.0,1.0,ساعتين و 5 دقائق,125.0,"[""Power BI"", ""تحليلات جوجل"", ""مايكروسوفت إكسل"", ""MySQL"", ""SQLite"", ""بايثون"", ""تحليل البيانات"", ""معالجة البيانات""]",8.0,ok,"['html_size', 'has_h1', 'has_stats_table', 'has_skills', 'has_profile_name']",64.59,"Power BI, تحليلات جوجل, مايكروسوفت إكسل, MySQL, SQLite, بايثون, تحليل البيانات, معالجة البيانات",2020-04-04T00:00:00
67,https://mostaql.com/u/Edward_kwnwi,خير الدين بن عودة م.,مهندس برمجيات,2026-04-27T00:00:00,منذ دقيقة,,7.0,,,,100.0,100.0,0.0,25.0,1.0,ساعتين و 54 دقيقة,174.0,"[""برمجة أندرويد"", ""برمجة تطبيقات أيفون"", ""تطوير البرمجيات"", ""برمجة iOS"", ""تطوير الويب"", ""تطوير التطبيقات""]",6.0,ok,"['html_size', 'has_h1', 'has_stats_table', 'has_skills', 'has_profile_name']",64.59,"برمجة أندرويد, برمجة تطبيقات أيفون, تطوير البرمجيات, برمجة iOS, تطوير الويب, تطوير التطبيقات",2026-04-27T00:00:00
68,https://mostaql.com/u/AmeenZozo,Mohammad A.,مهندس برمجيات,2018-03-21T00:00:00,منذ دقيقة,,4.0,,,,100.0,100.0,0.0,5.0,2.0,3 ساعات و 29 دقيقة,209.0,"[""جافا"", ""Redis"", ""PostgreSQL"", ""MySQL"", ""HTML"", ""CSS"", ""جافا سكريبت"", ""لارافيل"", ""PHP""]",9.0,ok,"['html_size', 'has_h1', 'has_stats_table', 'has_skills', 'has_profile_name']",64.5,"جافا, Redis, PostgreSQL, MySQL, HTML, CSS, جافا سكريبت, لارافيل, PHP",2018-03-21T00:00:00
69,https://mostaql.com/u/refka_hanna62,رفقة ب.,مصمم تجربة المستخدم,2026-01-20T00:00:00,منذ دقيقة,,7.0,,,,100.0,100.0,0.0,20.0,1.0,ساعة و 36 دقيقة,96.0,"[""تصميم جرافيك"", ""تصميم دعوات"", ""تصميم ملصقات المنتجات"", ""تصميم شعار"", ""فوتوشوب"", ""تصميم بوسترات"", ""تصميم موقع إلكتروني"", ""Adobe Illustrator"", ""تصميم UI UX"", ""تصميم 2d""]",10.0,ok,"['html_size', 'has_h1', 'has_stats_table', 'has_skills', 'has_profile_name']",64.19,"تصميم جرافيك, تصميم دعوات, تصميم ملصقات المنتجات, تصميم شعار, فوتوشوب, تصميم بوسترات, تصميم موقع إلكتروني, Adobe Illustrator, تصميم UI UX, تصميم 2d",2026-01-20T00:00:00
70,https://mostaql.com/u/osamakemekem,Osama R.,مطور Full Stack,2019-08-20T00:00:00,منذ دقيقة,1.0,6.0,,,,80.0,100.0,33.33,10.91,4.0,ساعة و 24 دقيقة,84.0,"[""برمجة مواقع"", ""ووردبريس"", ""React"", ""node.js"", ""Express JS"", ""مونجو دي بي"", ""SQL"", ""Docker""]",8.0,ok,"['html_size', 'has_h1', 'has_stats_table', 'has_skills', 'has_profile_name']",63.88,"برمجة مواقع, ووردبريس, React, node.js, Express JS, مونجو دي بي, SQL, Docker",2019-08-20T00:00:00
71,https://mostaql.com/u/hadi_anbar,Hadi A.,مطور ووردبريس,2024-11-07T00:00:00,منذ دقيقة,1.0,16.0,,,,95.45,61.9,14.29,20.87,21.0,ساعة و 53 دقيقة,113.0,"[""تصميم مواقع"", ""برمجة مواقع"", ""ووكومرس"", ""إنشاء مدونة ووردبريس"", ""إنشاء موقع ووردبريس"", ""تصميم متجر إلكتروني"", ""إنشاء موقع إلكتروني"", ""التجارة الإلكترونية"", ""ووردبريس"", ""PHP"", ""CSS"", ""HTML"", ""جافا سكريبت"", ""تصميم موقع إلكتروني"", ""إنشاء متجر إلكتروني""]",15.0,ok,"['html_size', 'has_h1', 'has_stats_table', 'has_skills', 'has_profile_name']",63.8,"تصميم مواقع, برمجة مواقع, ووكومرس, إنشاء مدونة ووردبريس, إنشاء موقع ووردبريس, تصميم متجر إلكتروني, إنشاء موقع إلكتروني, التجارة الإلكترونية, ووردبريس, PHP, CSS, HTML, جافا سكريبت, تصميم موقع إلكتروني, إنشاء متجر إلكتروني",2024-11-07T00:00:00
72,https://mostaql.com/u/mohamadgamal1,محمد ج.,مهندس برمجيات,2023-04-15T00:00:00,منذ دقيقة,,3.0,,,,100.0,100.0,0.0,12.5,1.0,9 ساعات و 45 دقيقة,585.0,"[""بوتستراب 5"", ""Next.js"", ""Tailwind CSS"", ""typescript"", ""Front End"", ""تطوير الويب الكامل"", ""جافا سكريبت"", ""CSS"", ""HTML"", ""React""]",10.0,ok,"['html_size', 'has_h1', 'has_stats_table', 'has_skills', 'has_profile_name']",63.59,"بوتستراب 5, Next.js, Tailwind CSS, typescript, Front End, تطوير الويب الكامل, جافا سكريبت, CSS, HTML, React",2023-04-15T00:00:00
73,https://mostaql.com/u/Virgina_1997,Maryam H.,باحث,2020-07-10T00:00:00,منذ دقيقة,3.0,3.0,,,,90.0,66.67,40.0,22.03,9.0,5 ساعات و 42 دقيقة,342.0,"[""اللغة العربية"", ""كتابة المحتوى"", ""مايكروسوفت وورد"", ""البحث على الإنترنت"", ""كتابة مقالات"", ""التدقيق اللغوي"", ""الكتابة الأكاديمية"", ""تنسيق الكتب""]",8.0,ok,"['html_size', 'has_h1', 'has_stats_table', 'has_skills', 'has_profile_name']",63.32,"اللغة العربية, كتابة المحتوى, مايكروسوفت وورد, البحث على الإنترنت, كتابة مقالات, التدقيق اللغوي, الكتابة الأكاديمية, تنسيق الكتب",2020-07-10T00:00:00
74,https://mostaql.com/u/reputitous,Ahmed A.,مصمم UI UX,2024-04-05T00:00:00,منذ دقيقة,,14.0,,,,80.0,91.67,9.09,21.43,12.0,4 ساعات و 0 دقيقة,240.0,"[""تصميم تجربة المستخدم"", ""التصميم المتجاوب"", ""النموذج المبدئي"", ""كتابة تجربة المستخدم"", ""تصميم واجهة المستخدم"", ""تصميم UI UX"", ""تصميم تطبيقات الهواتف الذكية"", ""تصميم تطبيقات iOS"", ""تصميم موقع إلكتروني""]",9.0,ok,"['html_size', 'has_h1', 'has_stats_table', 'has_skills', 'has_profile_name']",63.29,"تصميم تجربة المستخدم, التصميم المتجاوب, النموذج المبدئي, كتابة تجربة المستخدم, تصميم واجهة المستخدم, تصميم UI UX, تصميم تطبيقات الهواتف الذكية, تصميم تطبيقات iOS, تصميم موقع إلكتروني",2024-04-05T00:00:00
75,https://mostaql.com/u/Ahmad__Awad,أحمد ع.,مهندس ذكاء اصطناعي,2022-02-09T00:00:00,منذ دقيقة,,14.0,100.0,1.0,,100.0,100.0,0.0,7.14,1.0,6 ساعات و 11 دقيقة,371.0,"[""PHP"", ""برمجة أندرويد"", ""برمجة iOS"", ""إدارة المشاريع"", ""هندسة البرمجيات"", ""اختبار البرمجيات"", ""برمجة مواقع""]",7.0,ok,"['html_size', 'has_h1', 'has_stats_table', 'has_skills', 'has_profile_name']",63.16,"PHP, برمجة أندرويد, برمجة iOS, إدارة المشاريع, هندسة البرمجيات, اختبار البرمجيات, برمجة مواقع",2022-02-09T00:00:00
76,https://mostaql.com/u/marwaharby81,مروة ح.,مدير تسويق,2024-01-10T00:00:00,منذ دقيقة,,9.0,,,,90.0,88.89,0.0,10.1,9.0,3 ساعات و 34 دقيقة,214.0,"[""خطة تسويقية"", ""إعلانات ممولة"", ""حملة إعلانية"", ""بحث السوق"", ""التسويق عبر الإنستقرام"", ""التسويق الإلكتروني"", ""التسويق عبر الفيس بوك"", ""التسويق على تيك توك"", ""التسويق على سناب شات""]",9.0,ok,"['html_size', 'has_h1', 'has_stats_table', 'has_skills', 'has_profile_name']",63.12,"خطة تسويقية, إعلانات ممولة, حملة إعلانية, بحث السوق, التسويق عبر الإنستقرام, التسويق الإلكتروني, التسويق عبر الفيس بوك, التسويق على تيك توك, التسويق على سناب شات",2024-01-10T00:00:00
77,https://mostaql.com/u/yomnas2,Yomna S.,محلل بيانات,2025-02-13T00:00:00,منذ دقيقة,,3.0,,,,100.0,50.0,33.33,57.14,4.0,6 ساعات و 39 دقيقة,399.0,"[""إدخال بيانات"", ""Tableau"", ""Power BI"", ""الترجمة"", ""باوربوينت"", ""بايثون"", ""HTML"", ""CSS"", ""مايكروسوفت أوفيس"", ""مايكروسوفت إكسل""]",10.0,ok,"['html_size', 'has_h1', 'has_stats_table', 'has_skills', 'has_profile_name']",62.07,"إدخال بيانات, Tableau, Power BI, الترجمة, باوربوينت, بايثون, HTML, CSS, مايكروسوفت أوفيس, مايكروسوفت إكسل",2025-02-13T00:00:00
78,https://mostaql.com/u/Mohamed_parmag,Mohamed E.,مهندس برمجيات,2023-07-03T00:00:00,منذ دقيقة,,20.0,,,,88.24,73.33,7.14,18.09,15.0,ساعة و 49 دقيقة,109.0,"[""إدارة المشاريع"", ""إدارة المحتوى"", ""إدارة المتاجر الإلكترونية"", ""CSS"", ""HTML"", ""تحسين السيو الداخلي"", ""تحسين محركات البحث"", ""تصميم موقع إلكتروني"", ""ووردبريس"", ""ووكومرس"", ""تصميم مواقع"", ""تصميم تجربة المستخدم"", ""تصميم واجهة المستخدم"", ""تصميم متجر إلكتروني"", ""تصميم صفحات الهبوط""]",15.0,ok,"['html_size', 'has_h1', 'has_stats_table', 'has_skills', 'has_profile_name']",61.86,"إدارة المشاريع, إدارة المحتوى, إدارة المتاجر الإلكترونية, CSS, HTML, تحسين السيو الداخلي, تحسين محركات البحث, تصميم موقع إلكتروني, ووردبريس, ووكومرس, تصميم مواقع, تصميم تجربة المستخدم, تصميم واجهة المستخدم, تصميم متجر إلكتروني, تصميم صفحات الهبوط",2023-07-03T00:00:00
79,https://mostaql.com/u/madbole,Mahmoud E.,مدير تسويق,2014-12-01T00:00:00,منذ دقيقة,,24.0,0.0,,,88.89,87.5,0.0,7.69,8.0,5 ساعات و 18 دقيقة,318.0,"[""خطة تسويقية"", ""تسويق عقاري"", ""إدارة التسويق"", ""التسويق الإلكتروني"", ""التسويق عبر الإنترنت"", ""بحث السوق"", ""التسويق عبر مواقع التواصل الاجتماعي"", ""التسويق عبر الفيس بوك"", ""التسويق عبر محركات البحث"", ""كتابة مقالات""]",10.0,ok,"['html_size', 'has_h1', 'has_stats_table', 'has_skills', 'has_profile_name']",61.8,"خطة تسويقية, تسويق عقاري, إدارة التسويق, التسويق الإلكتروني, التسويق عبر الإنترنت, بحث السوق, التسويق عبر مواقع التواصل الاجتماعي, التسويق عبر الفيس بوك, التسويق عبر محركات البحث, كتابة مقالات",2014-12-01T00:00:00
80,https://mostaql.com/u/moataz_noaman,Moataz N.,مطور Full Stack,2024-02-14T00:00:00,منذ دقيقة,,5.0,,,,75.0,100.0,20.0,10.26,6.0,5 ساعات و 59 دقيقة,359.0,"[""جافا"", ""كوتلن"", ""فايربيس"", ""SQLite"", ""تصميم UI UX"", ""web scraping"", ""بايثون"", ""C++ Programming"", ""Dart"", ""flutter""]",10.0,ok,"['html_size', 'has_h1', 'has_stats_table', 'has_skills', 'has_profile_name']",61.73,"جافا, كوتلن, فايربيس, SQLite, تصميم UI UX, web scraping, بايثون, C++ Programming, Dart, flutter",2024-02-14T00:00:00
81,https://mostaql.com/u/Ahmed_saleh111,Ahmed S.,مهندس تصميم انشائي,2022-10-02T00:00:00,منذ دقيقة,2.0,20.0,,,,95.31,22.95,20.0,48.89,61.0,22 ساعة و 17 دقيقة,1337.0,"[""أوتوكاد"", ""إيتابس"", ""تصميم إنشائي"", ""تصميم 3D"", ""ساب 2000"", ""تصميم هندسي"", ""هندسة مدنية"", ""هندسة معمارية"", ""الهندسة الصناعية"", ""الهندسة""]",10.0,ok,"['html_size', 'has_h1', 'has_stats_table', 'has_skills', 'has_profile_name']",60.8,"أوتوكاد, إيتابس, تصميم إنشائي, تصميم 3D, ساب 2000, تصميم هندسي, هندسة مدنية, هندسة معمارية, الهندسة الصناعية, الهندسة",2022-10-02T00:00:00
82,https://mostaql.com/u/Doha_Fawzy,ضحى ف.,مطور مواقع ويب SEO,2025-11-18T00:00:00,منذ دقيقة,2.0,9.0,,,,75.0,100.0,0.0,50.0,3.0,ساعتين و 33 دقيقة,153.0,"[""كتابة مقالات متوافقة مع السيو"", ""تحسين محركات البحث"", ""React"", ""Tailwind CSS"", ""ASP.NET MVC"", ""جافا سكريبت"", ""HTML"", ""Git"", ""تصميم موقع إلكتروني"", ""CSS""]",10.0,ok,"['html_size', 'has_h1', 'has_stats_table', 'has_skills', 'has_profile_name']",60.42,"كتابة مقالات متوافقة مع السيو, تحسين محركات البحث, React, Tailwind CSS, ASP.NET MVC, جافا سكريبت, HTML, Git, تصميم موقع إلكتروني, CSS",2025-11-18T00:00:00
83,https://mostaql.com/u/MajdoleenKhaled,Majdoleen Z.,خبره في تصميم الجرافيك,2025-11-23T00:00:00,منذ دقيقة,,14.0,,,,100.0,66.67,0.0,37.5,3.0,ساعة و 4 دقائق,64.0,"[""تصميم إعلان"", ""تصميم بنرات"", ""التصميم الإبداعي"", ""تصميم نشرات"", ""تصميم جرافيك"", ""تصميم دعوات"", ""تصميم ملصقات المنتجات"", ""تصميم شعار"", ""تصميم بوسترات"", ""باوربوينت""]",10.0,ok,"['html_size', 'has_h1', 'has_stats_table', 'has_skills', 'has_profile_name']",59.84,"تصميم إعلان, تصميم بنرات, التصميم الإبداعي, تصميم نشرات, تصميم جرافيك, تصميم دعوات, تصميم ملصقات المنتجات, تصميم شعار, تصميم بوسترات, باوربوينت",2025-11-23T00:00:00
84,https://mostaql.com/u/AT1989,أحمد ت.,مهندس برمجيات,2023-02-19T00:00:00,منذ دقيقة,,3.0,,,,75.0,83.33,33.33,13.56,6.0,6 ساعات و 41 دقيقة,401.0,"[""CSS"", ""تصميم جرافيك"", ""معالجة البيانات"", ""مايكروسوفت إكسل"", ""مايكروسوفت أوفيس"", ""تصميم شعار"", ""الخوارزميات"", ""تصميم موقع إلكتروني"", ""اللغة الإنجليزية"", ""Adobe Illustrator"", ""مايكروسوفت وورد"", ""البحث على الإنترنت"", ""كتابة المحتوى"", ""الترجمة"", ""إدخال بيانات"", ""HTML"", ""تحويل PDF"", ""تصميم 3D"", ""جافا سكريبت"", ""بوتستراب""]",20.0,ok,"['html_size', 'has_h1', 'has_stats_table', 'has_skills', 'has_profile_name']",59.43,"CSS, تصميم جرافيك, معالجة البيانات, مايكروسوفت إكسل, مايكروسوفت أوفيس, تصميم شعار, الخوارزميات, تصميم موقع إلكتروني, اللغة الإنجليزية, Adobe Illustrator, مايكروسوفت وورد, البحث على الإنترنت, كتابة المحتوى, الترجمة, إدخال بيانات, HTML, تحويل PDF, تصميم 3D, جافا سكريبت, بوتستراب",2023-02-19T00:00:00
85,https://mostaql.com/u/sabry5522,Sabry A.,مهندس معماري,2021-05-15T00:00:00,منذ دقيقة,,13.0,,,,100.0,60.0,0.0,33.33,5.0,4 ساعات و 50 دقيقة,290.0,"[""تخطيط حضري"", ""تصميم معماري"", ""أوتوكاد"", ""تصميم 2d"", ""التصميم الخارجي"", ""تصميم 3D"", ""3ds Max"", ""تصميم ديكور"", ""تصميم داخلي"", ""إظهار معماري""]",10.0,ok,"['html_size', 'has_h1', 'has_stats_table', 'has_skills', 'has_profile_name']",59.35,"تخطيط حضري, تصميم معماري, أوتوكاد, تصميم 2d, التصميم الخارجي, تصميم 3D, 3ds Max, تصميم ديكور, تصميم داخلي, إظهار معماري",2021-05-15T00:00:00
86,https://mostaql.com/u/Sherifash,Sherif A.,مستشار تسويقي ومطور اعمال,2020-04-18T00:00:00,منذ دقيقة,1.0,7.0,0.0,,,75.0,100.0,0.0,8.11,6.0,4 ساعات و 24 دقيقة,264.0,"[""التخطيط الإستراتيجي"", ""تصميم موقع إلكتروني"", ""التسويق الإلكتروني"", ""تصميم جرافيك"", ""إدارة التسويق"", ""إدارة أعمال""]",6.0,ok,"['html_size', 'has_h1', 'has_stats_table', 'has_skills', 'has_profile_name']",59.16,"التخطيط الإستراتيجي, تصميم موقع إلكتروني, التسويق الإلكتروني, تصميم جرافيك, إدارة التسويق, إدارة أعمال",2020-04-18T00:00:00
87,https://mostaql.com/u/youssef0342,يوسف س.,مطور ويب,2016-04-04T00:00:00,منذ دقيقة,,12.0,,,,92.0,56.52,0.0,10.0,23.0,ساعتين و 24 دقيقة,144.0,"[""أنظمة إدارة المحتوى"", ""Symfony PHP"", ""Prestashop"", ""PHP"", ""MySQL"", ""jQuery"", ""جافا سكريبت"", ""HTML"", ""دروبال"", ""أجاكس"", ""بوتستراب"", ""لارافيل"", ""Angular.js"", ""vuejs"", ""التجارة الإلكترونية""]",15.0,ok,"['html_size', 'has_h1', 'has_stats_table', 'has_skills', 'has_profile_name']",58.99,"أنظمة إدارة المحتوى, Symfony PHP, Prestashop, PHP, MySQL, jQuery, جافا سكريبت, HTML, دروبال, أجاكس, بوتستراب, لارافيل, Angular.js, vuejs, التجارة الإلكترونية",2016-04-04T00:00:00
88,https://mostaql.com/u/Mohamed_abodouh,Mohamed A.,HR وسيرة ذاتية ولينكدان,2022-11-07T00:00:00,منذ دقيقة,1.0,5.0,,,,87.5,71.43,0.0,27.27,7.0,8 ساعات و 53 دقيقة,533.0,"[""استشارات التأمينات"", ""إدارة الموارد البشرية"", ""تصميم عروض تقديمية"", ""التسويق عبر لينكد إن"", ""كتابة سيرة ذاتية"", ""اللغة الإنجليزية"", ""استشارات قانونية"", ""استشارات الشركات الناشئة"", ""قانون العمل"", ""إدارة التوظيف"", ""استشارات الموارد البشرية""]",11.0,ok,"['html_size', 'has_h1', 'has_stats_table', 'has_skills', 'has_profile_name']",58.42,"استشارات التأمينات, إدارة الموارد البشرية, تصميم عروض تقديمية, التسويق عبر لينكد إن, كتابة سيرة ذاتية, اللغة الإنجليزية, استشارات قانونية, استشارات الشركات الناشئة, قانون العمل, إدارة التوظيف, استشارات الموارد البشرية",2022-11-07T00:00:00
89,https://mostaql.com/u/Fatema_M,فاطمة م.,مصمم داخلي,2019-11-29T00:00:00,منذ دقيقة,,22.0,,,,88.89,56.25,6.67,22.78,16.0,3 ساعات و 18 دقيقة,198.0,"[""تصميم منزل"", ""البناء المعماري"", ""التصميم الإبداعي"", ""تصميم داخلي"", ""الحرف اليدوية"", ""تصميم 3D"", ""تصميم الأثاث"", ""تصميم نماذج 3D"", ""فوتوشوب"", ""لوميون""]",10.0,ok,"['html_size', 'has_h1', 'has_stats_table', 'has_skills', 'has_profile_name']",58.37,"تصميم منزل, البناء المعماري, التصميم الإبداعي, تصميم داخلي, الحرف اليدوية, تصميم 3D, تصميم الأثاث, تصميم نماذج 3D, فوتوشوب, لوميون",2019-11-29T00:00:00
90,https://mostaql.com/u/Ahmed_Faraj,Ahmed F.,مصمم واجهة المستخدم,2022-12-19T00:00:00,منذ دقيقة,,9.0,,,,100.0,66.67,0.0,10.0,3.0,5 ساعات و 46 دقيقة,346.0,"[""adobe xd"", ""اللغة العربية"", ""Figma"", ""تصميم تطبيقات"", ""تصميم مواقع"", ""إنشاء متجر إلكتروني"", ""تصميم تجربة المستخدم"", ""تصميم صفحات الهبوط"", ""تصميم تطبيقات الهواتف الذكية"", ""تصميم موقع إلكتروني""]",10.0,ok,"['html_size', 'has_h1', 'has_stats_table', 'has_skills', 'has_profile_name']",57.64,"adobe xd, اللغة العربية, Figma, تصميم تطبيقات, تصميم مواقع, إنشاء متجر إلكتروني, تصميم تجربة المستخدم, تصميم صفحات الهبوط, تصميم تطبيقات الهواتف الذكية, تصميم موقع إلكتروني",2022-12-19T00:00:00
91,https://mostaql.com/u/abdo0nasser,Abdelrahman N.,مهندس برمجيات,2026-05-09T00:00:00,منذ دقيقة,,3.0,,,,100.0,50.0,0.0,66.67,2.0,55 دقيقة,55.0,"[""الخوارزميات"", ""برمجة قواعد البيانات"", ""نظام لينكس"", ""node.js"", ""OOP"", ""typescript"", ""Back End""]",7.0,ok,"['html_size', 'has_h1', 'has_stats_table', 'has_skills', 'has_profile_name']",56.93,"الخوارزميات, برمجة قواعد البيانات, نظام لينكس, node.js, OOP, typescript, Back End",2026-05-09T00:00:00
92,https://mostaql.com/u/east2,Mohamed H.,محاسب مالي,2021-05-31T00:00:00,منذ دقيقة,,8.0,,,,81.82,66.67,0.0,33.33,9.0,ساعة و 42 دقيقة,102.0,"[""القوائم المالية"", ""تدريب عن بعد"", ""استشارات مالية"", ""اللغة العربية"", ""اللغة الإنجليزية"", ""مايكروسوفت وورد"", ""مايكروسوفت أوفيس"", ""مايكروسوفت إكسل"", ""إدخال بيانات"", ""الإدارة المالية""]",10.0,ok,"['html_size', 'has_h1', 'has_stats_table', 'has_skills', 'has_profile_name']",56.56,"القوائم المالية, تدريب عن بعد, استشارات مالية, اللغة العربية, اللغة الإنجليزية, مايكروسوفت وورد, مايكروسوفت أوفيس, مايكروسوفت إكسل, إدخال بيانات, الإدارة المالية",2021-05-31T00:00:00
93,https://mostaql.com/u/seif20_08,Seif A.,مطور Full Stack,2024-01-07T00:00:00,منذ دقيقة,,10.0,,,,66.67,100.0,0.0,26.09,4.0,46 دقيقة,46.0,"[""كتابة مقالات"", ""اللغة الإنجليزية"", ""CSS"", ""HTML"", ""جافا سكريبت"", ""PHP"", ""ووردبريس"", ""تصميم موقع إلكتروني"", ""تطوير الويب""]",9.0,ok,"['html_size', 'has_h1', 'has_stats_table', 'has_skills', 'has_profile_name']",56.43,"كتابة مقالات, اللغة الإنجليزية, CSS, HTML, جافا سكريبت, PHP, ووردبريس, تصميم موقع إلكتروني, تطوير الويب",2024-01-07T00:00:00
94,https://mostaql.com/u/MagdiElmowafy,Magdi E.,مطور ووردبريس,2016-04-11T00:00:00,منذ دقيقة,,23.0,,,,94.74,33.33,8.33,26.67,18.0,ساعتين و 8 دقائق,128.0,"[""PHP"", ""ووكومرس"", ""إدارة المواقع"", ""ووردبريس"", ""تصميم موقع إلكتروني"", ""CSS3"", ""جافا سكريبت"", ""jQuery"", ""التعليم الإلكتروني""]",9.0,ok,"['html_size', 'has_h1', 'has_stats_table', 'has_skills', 'has_profile_name']",55.61,"PHP, ووكومرس, إدارة المواقع, ووردبريس, تصميم موقع إلكتروني, CSS3, جافا سكريبت, jQuery, التعليم الإلكتروني",2016-04-11T00:00:00
95,https://mostaql.com/u/awatef_ebada,عواطف ع.,مدخل بيانات,2025-02-13T00:00:00,منذ دقيقة,,7.0,,,,100.0,50.0,0.0,22.22,4.0,4 ساعات و 48 دقيقة,288.0,"[""خدمة العملاء"", ""مايكروسوفت إكسل"", ""تصميم جرافيك"", ""فوتوشوب"", ""مايكروسوفت وورد"", ""التسويق الإلكتروني"", ""تحويل PDF"", ""كتابة التقارير"", ""إضافة منتجات"", ""إدخال بيانات""]",10.0,ok,"['html_size', 'has_h1', 'has_stats_table', 'has_skills', 'has_profile_name']",55.28,"خدمة العملاء, مايكروسوفت إكسل, تصميم جرافيك, فوتوشوب, مايكروسوفت وورد, التسويق الإلكتروني, تحويل PDF, كتابة التقارير, إضافة منتجات, إدخال بيانات",2025-02-13T00:00:00
96,https://mostaql.com/u/AmiroAbozeed,Amir E.,محاسب قانوني,2021-11-18T00:00:00,منذ دقيقة,,7.0,,,,100.0,50.0,0.0,40.0,2.0,3 أيام و ساعة,4380.0,"[""محاسبة تكاليف"", ""محاسبة مالية"", ""ضبط الحسابات"", ""تدقيق حسابات"", ""محاسبة"", ""إدخال بيانات"", ""الإدارة المالية""]",7.0,ok,"['html_size', 'has_h1', 'has_stats_table', 'has_skills', 'has_profile_name']",54.8,"محاسبة تكاليف, محاسبة مالية, ضبط الحسابات, تدقيق حسابات, محاسبة, إدخال بيانات, الإدارة المالية",2021-11-18T00:00:00
97,https://mostaql.com/u/Abdallah_13x,Abdallah E.,مصمم جرافيك,2022-06-23T00:00:00,منذ دقيقة,2.0,16.0,0.0,,,92.31,33.33,25.0,15.0,12.0,7 ساعات و 39 دقيقة,459.0,"[""فوتوشوب"", ""تصميم شعار"", ""تعديل الصور"", ""تصميم بوسترات"", ""تصميم بنرات"", ""إنتاج الفيديو"", ""مونتاج فيديو"", ""تصميم الأيقونات"", ""إنتاج الفيديو"", ""أدوبي بريمير"", ""التسويق عبر الفيس بوك"", ""إعلانات جوجل"", ""إنشاء حملة إعلانية"", ""التسويق بالمحتوى"", ""التسويق عبر اليوتيوب""]",15.0,ok,"['html_size', 'has_h1', 'has_stats_table', 'has_skills', 'has_profile_name']",54.41,"فوتوشوب, تصميم شعار, تعديل الصور, تصميم بوسترات, تصميم بنرات, إنتاج الفيديو, مونتاج فيديو, تصميم الأيقونات, إنتاج الفيديو, أدوبي بريمير, التسويق عبر الفيس بوك, إعلانات جوجل, إنشاء حملة إعلانية, التسويق بالمحتوى, التسويق عبر اليوتيوب",2022-06-23T00:00:00
98,https://mostaql.com/u/osama_moawad,Osama M.,مهندس استشارى,2018-12-27T00:00:00,منذ دقيقة,1.0,14.0,16.67,3.0,,91.67,22.73,18.75,32.1,22.0,8 ساعات و دقيقتين,482.0,"[""كتابة الشعر"", ""إدارة المبيعات"", ""التسويق الإلكتروني"", ""Adobe InDesign"", ""رسم الخرائط"", ""تصميم شعار"", ""تصميم جرافيك"", ""تصميم 3D"", ""اسكتش اب"", ""التصميم الإبداعي""]",10.0,ok,"['html_size', 'has_h1', 'has_stats_table', 'has_skills', 'has_profile_name']",54.28,"كتابة الشعر, إدارة المبيعات, التسويق الإلكتروني, Adobe InDesign, رسم الخرائط, تصميم شعار, تصميم جرافيك, تصميم 3D, اسكتش اب, التصميم الإبداعي",2018-12-27T00:00:00
99,https://mostaql.com/u/mohamedhussein5,محمد ح.,مصمم موشن جرافيك,2019-12-02T00:00:00,منذ دقيقة,,20.0,,,,90.48,26.32,12.5,28.77,19.0,3 ساعات و 56 دقيقة,236.0,"[""رسم كاريكاتير"", ""مونتاج فيديو"", ""رسوم متحركة"", ""تصميم إعلان"", ""تصميم جرافيك"", ""إنتاج الفيديو"", ""تصميم موشن جرافيك""]",7.0,ok,"['html_size', 'has_h1', 'has_stats_table', 'has_skills', 'has_profile_name']",53.23,"رسم كاريكاتير, مونتاج فيديو, رسوم متحركة, تصميم إعلان, تصميم جرافيك, إنتاج الفيديو, تصميم موشن جرافيك",2019-12-02T00:00:00
100,https://mostaql.com/u/HossamFayed,حسام الدين ف.,محاسب ومصمم,2017-04-08T00:00:00,منذ دقيقة,,7.0,,,,100.0,50.0,0.0,18.18,2.0,3 ساعات و 40 دقيقة,220.0,"[""إدارة قواعد البيانات"", ""استخراج البيانات"", ""برمجة قواعد البيانات"", ""تخزين البيانات"", ""تصميم دعوات"", ""تصميم موقع إلكتروني"", ""مايكروسوفت أوفيس"", ""تحويل PDF"", ""تعديل الصور"", ""محاسبة تكاليف""]",10.0,ok,"['html_size', 'has_h1', 'has_stats_table', 'has_skills', 'has_profile_name']",53.05,"إدارة قواعد البيانات, استخراج البيانات, برمجة قواعد البيانات, تخزين البيانات, تصميم دعوات, تصميم موقع إلكتروني, مايكروسوفت أوفيس, تحويل PDF, تعديل الصور, محاسبة تكاليف",2017-04-08T00:00:00
101,https://mostaql.com/u/Eslamghunem,Eslam G.,مصمم جرافيك,2022-05-28T00:00:00,منذ دقيقة,,4.0,,,,100.0,50.0,0.0,15.38,2.0,ساعة و 7 دقائق,67.0,"[""تصميم ملصقات المنتجات"", ""تصميم دعوات"", ""تصميم بوسترات"", ""تعديل الصور"", ""تصميم إعلان"", ""Adobe Illustrator"", ""التصميم الإبداعي"", ""فوتوشوب""]",8.0,ok,"['html_size', 'has_h1', 'has_stats_table', 'has_skills', 'has_profile_name']",52.83,"تصميم ملصقات المنتجات, تصميم دعوات, تصميم بوسترات, تعديل الصور, تصميم إعلان, Adobe Illustrator, التصميم الإبداعي, فوتوشوب",2022-05-28T00:00:00
102,https://mostaql.com/u/islamMourad,اسلام م.,مصمم جرافيك,2023-01-25T00:00:00,منذ دقيقة,,10.0,,,,100.0,50.0,0.0,13.33,2.0,5 ساعات و 6 دقائق,306.0,"[""تصميم ملصقات المنتجات"", ""تصميم 3D"", ""After Effects"", ""الكتابة الإبداعية"", ""تصميم دعوات"", ""التدقيق اللغوي"", ""التصميم الإبداعي"", ""كتابة مقالات"", ""الفكرة التصميمية"", ""إعادة صياغة المحتوى""]",10.0,ok,"['html_size', 'has_h1', 'has_stats_table', 'has_skills', 'has_profile_name']",52.66,"تصميم ملصقات المنتجات, تصميم 3D, After Effects, الكتابة الإبداعية, تصميم دعوات, التدقيق اللغوي, التصميم الإبداعي, كتابة مقالات, الفكرة التصميمية, إعادة صياغة المحتوى",2023-01-25T00:00:00
103,https://mostaql.com/u/wessam456,Wessam M.,مهندسه ومصممه شعارات,2022-04-17T00:00:00,منذ دقيقة,,10.0,,,,78.57,54.55,0.0,26.92,11.0,ساعتين و 8 دقائق,128.0,"[""التسويق الإلكتروني"", ""البحث والتطوير"", ""التسويق عبر مواقع التواصل الاجتماعي"", ""التسويق عبر الفيس بوك"", ""تصميم ملصقات المنتجات"", ""مونتاج فيديو"", ""تصميم دعوات"", ""تصميم بنرات"", ""تصميم بوسترات"", ""تعديل الصور""]",10.0,ok,"['html_size', 'has_h1', 'has_stats_table', 'has_skills', 'has_profile_name']",52.56,"التسويق الإلكتروني, البحث والتطوير, التسويق عبر مواقع التواصل الاجتماعي, التسويق عبر الفيس بوك, تصميم ملصقات المنتجات, مونتاج فيديو, تصميم دعوات, تصميم بنرات, تصميم بوسترات, تعديل الصور",2022-04-17T00:00:00
104,https://mostaql.com/u/talaatmagdyx,Talaat M.,مهندس برمجيات,2018-07-29T00:00:00,منذ دقيقة,,5.0,,,,100.0,0.0,100.0,16.67,2.0,يوم و 14 ساعة,2280.0,"[""تطوير الويب"", ""جافا"", ""Ruby on Rails"", ""Git"", ""خدمات أمازون ويب"", ""الخوارزميات"", ""بايثون"", ""جافا سكريبت"", ""تصميم موقع إلكتروني""]",9.0,ok,"['html_size', 'has_h1', 'has_stats_table', 'has_skills', 'has_profile_name']",52.43,"تطوير الويب, جافا, Ruby on Rails, Git, خدمات أمازون ويب, الخوارزميات, بايثون, جافا سكريبت, تصميم موقع إلكتروني",2018-07-29T00:00:00
105,https://mostaql.com/u/ahmed_sattar_1,Ahmed I.,التجارة الالكترونية,2016-04-13T00:00:00,منذ دقيقة,,24.0,0.0,1.0,,100.0,50.0,0.0,6.06,2.0,9 ساعات و 20 دقيقة,560.0,"[""إدخال بيانات"", ""مايكروسوفت أوفيس"", ""تصميم 3D"", ""تصميم إعلان"", ""إنشاء مدونة"", ""سينما 4D"", ""Adobe Illustrator"", ""تصميم داخلي"", ""تصميم ملصقات المنتجات"", ""تعديل الصور"", ""فوتوشوب"", ""تصميم بوسترات"", ""ما قبل الطباعة"", ""باوربوينت"", ""تطوير المدونات"", ""أنظمة إدارة المحتوى"", ""ووكومرس"", ""تصميم بنرات"", ""تصميم جرافيك"", ""استضافة المواقع""]",20.0,ok,"['html_size', 'has_h1', 'has_stats_table', 'has_skills', 'has_profile_name']",52.08,"إدخال بيانات, مايكروسوفت أوفيس, تصميم 3D, تصميم إعلان, إنشاء مدونة, سينما 4D, Adobe Illustrator, تصميم داخلي, تصميم ملصقات المنتجات, تعديل الصور, فوتوشوب, تصميم بوسترات, ما قبل الطباعة, باوربوينت, تطوير المدونات, أنظمة إدارة المحتوى, ووكومرس, تصميم بنرات, تصميم جرافيك, استضافة المواقع",2016-04-13T00:00:00
106,https://mostaql.com/u/Samar_Elfeky,Samar M.,مهندس برمجيات,2024-08-11T00:00:00,منذ دقيقة,1.0,8.0,,,,100.0,33.33,0.0,44.44,3.0,ساعتين و 29 دقيقة,149.0,"[""برمجة مواقع"", ""Gemini"", ""إنشاء موقع إلكتروني"", ""Front End"", ""Back End"", ""تطوير الويب الكامل"", ""node.js"", ""أنجولار"", ""PostgreSQL"", ""جافا سكريبت""]",10.0,ok,"['html_size', 'has_h1', 'has_stats_table', 'has_skills', 'has_profile_name']",52.06,"برمجة مواقع, Gemini, إنشاء موقع إلكتروني, Front End, Back End, تطوير الويب الكامل, node.js, أنجولار, PostgreSQL, جافا سكريبت",2024-08-11T00:00:00
107,https://mostaql.com/u/Dr_ahmed_2024,احمد ع.,مستشار تطوير أعمال مالى,2024-10-15T00:00:00,منذ دقيقة,,11.0,,,,100.0,50.0,0.0,4.17,2.0,ساعة و 19 دقيقة,79.0,"[""التقييم المالي"", ""تقييم الأعمال"", ""التخطيط الإستراتيجي"", ""كتابة مقالات"", ""تدريس خصوصي"", ""الكتابة الإبداعية"", ""تدريب إدارة الأعمال"", ""تصميم عروض تقديمية"", ""التحليل المالي"", ""تصميم كتب إلكترونية"", ""تحليل الأعمال"", ""استشارات مالية"", ""إدارة المشاريع"", ""تدريب عن بعد"", ""جدولة المشروع"", ""إدارة المخزون"", ""استشارات الشركات الناشئة"", ""إدارة المبيعات""]",18.0,ok,"['html_size', 'has_h1', 'has_stats_table', 'has_skills', 'has_profile_name']",51.93,"التقييم المالي, تقييم الأعمال, التخطيط الإستراتيجي, كتابة مقالات, تدريس خصوصي, الكتابة الإبداعية, تدريب إدارة الأعمال, تصميم عروض تقديمية, التحليل المالي, تصميم كتب إلكترونية, تحليل الأعمال, استشارات مالية, إدارة المشاريع, تدريب عن بعد, جدولة المشروع, إدارة المخزون, استشارات الشركات الناشئة, إدارة المبيعات",2024-10-15T00:00:00
108,https://mostaql.com/u/IBRAHIM9999,Ibrahim S.,Performance Marketer,2021-05-26T00:00:00,منذ دقيقة,,11.0,33.33,7.0,,100.0,50.0,0.0,2.82,2.0,5 ساعات و 23 دقيقة,323.0,"[""خطة عمل"", ""تحليل الأعمال"", ""الإعلان"", ""التجارة الإلكترونية"", ""تحسين السيو الداخلي"", ""التخطيط الإستراتيجي"", ""إعلانات جوجل"", ""التسويق على سناب شات"", ""إعلانات فيس بوك"", ""كتابة إعلان""]",10.0,ok,"['html_size', 'has_h1', 'has_stats_table', 'has_skills', 'has_profile_name']",51.82,"خطة عمل, تحليل الأعمال, الإعلان, التجارة الإلكترونية, تحسين السيو الداخلي, التخطيط الإستراتيجي, إعلانات جوجل, التسويق على سناب شات, إعلانات فيس بوك, كتابة إعلان",2021-05-26T00:00:00
109,https://mostaql.com/u/Mrmoughit,عبد المغيث ا.,مهندس برمجيات,2025-05-18T00:00:00,منذ دقيقة,,7.0,,,,75.0,66.67,0.0,12.12,3.0,5 ساعات و 0 دقيقة,300.0,"[""هندسة البرمجيات"", ""PHP"", ""node.js"", ""MySQL"", ""جافا سكريبت"", ""HTML"", ""برمجة أندرويد"", ""تصميم موقع إلكتروني"", ""CSS""]",9.0,ok,"['html_size', 'has_h1', 'has_stats_table', 'has_skills', 'has_profile_name']",49.06,"هندسة البرمجيات, PHP, node.js, MySQL, جافا سكريبت, HTML, برمجة أندرويد, تصميم موقع إلكتروني, CSS",2025-05-18T00:00:00
110,https://mostaql.com/u/khalil_obeid,خليل ع.,مهندس برمجيات,2019-10-04T00:00:00,منذ دقيقة,,8.0,,,,82.76,16.67,10.53,17.54,24.0,4 ساعات و دقيقة,241.0,"[""البحث على الإنترنت"", ""أجاكس"", ""CSS3"", ""HTML"", ""jQuery"", ""البرمجة بطريقة MVC"", ""PHP"", ""SQLite"", ""أمن المعلومات"", ""اختبار المواقع"", ""إدارة قواعد البيانات"", ""تطوير البرمجيات"", ""جافا سكريبت"", ""إدارة البريد الإلكتروني"", ""CSS"", ""بوتستراب"", ""MySQL"", ""vuejs""]",18.0,ok,"['html_size', 'has_h1', 'has_stats_table', 'has_skills', 'has_profile_name']",47.81,"البحث على الإنترنت, أجاكس, CSS3, HTML, jQuery, البرمجة بطريقة MVC, PHP, SQLite, أمن المعلومات, اختبار المواقع, إدارة قواعد البيانات, تطوير البرمجيات, جافا سكريبت, إدارة البريد الإلكتروني, CSS, بوتستراب, MySQL, vuejs",2019-10-04T00:00:00
111,https://mostaql.com/u/Eng_Sameh_Osman,Sameh O.,مهندس مدني,2023-07-07T00:00:00,منذ دقيقة,,14.0,,,,88.89,0.0,40.0,45.0,8.0,ساعة و 38 دقيقة,98.0,"[""حصر كميات"", ""تصميم معماري"", ""الهندسة"", ""تصميم فلل"", ""مخططات فلل"", ""هندسة مدنية"", ""تصميم نماذج 3D""]",7.0,ok,"['html_size', 'has_h1', 'has_stats_table', 'has_skills', 'has_profile_name']",47.71,"حصر كميات, تصميم معماري, الهندسة, تصميم فلل, مخططات فلل, هندسة مدنية, تصميم نماذج 3D",2023-07-07T00:00:00
112,https://mostaql.com/u/anasmohmed12234,Anas M.,محرر فيديو,2021-08-24T00:00:00,منذ دقيقة,,24.0,0.0,,,83.33,30.0,12.5,6.42,10.0,57 دقيقة,57.0,"[""فوتوشوب"", ""تصميم جرافيك"", ""التصميم الإبداعي"", ""تصميم إعلان"", ""تعديل الصور"", ""تصميم بوسترات"", ""إنتاج الفيديو"", ""تصميم دعوات"", ""مونتاج فيديو"", ""تصميم ملصقات المنتجات"", ""After Effects"", ""تصميم كروت شخصية"", ""إنتاج الفيديو"", ""تصميم موشن جرافيك"", ""أدوبي بريمير"", ""الإنتاج الصوتي"", ""صوتيات"", ""التمثيل الصوتي"", ""الموسيقى""]",19.0,ok,"['html_size', 'has_h1', 'has_stats_table', 'has_skills', 'has_profile_name']",47.62,"فوتوشوب, تصميم جرافيك, التصميم الإبداعي, تصميم إعلان, تعديل الصور, تصميم بوسترات, إنتاج الفيديو, تصميم دعوات, مونتاج فيديو, تصميم ملصقات المنتجات, After Effects, تصميم كروت شخصية, إنتاج الفيديو, تصميم موشن جرافيك, أدوبي بريمير, الإنتاج الصوتي, صوتيات, التمثيل الصوتي, الموسيقى",2021-08-24T00:00:00
113,https://mostaql.com/u/Ibrahim_eid_84,Ibarhim E.,مبرمج,2024-10-17T00:00:00,منذ دقيقة,,5.0,,,,50.0,100.0,0.0,12.5,1.0,5 ساعات و 59 دقيقة,359.0,"[""معالجة البيانات"", ""CSS"", ""تصميم موقع إلكتروني"", ""مايكروسوفت وورد"", ""تخزين البيانات"", ""برمجة قواعد البيانات"", ""HTML"", ""جافا سكريبت"", ""PHP"", ""إدخال بيانات"", ""إدارة المواقع"", ""إدارة قواعد البيانات"", ""نظام التشغيل ويندوز"", ""إنشاء موقع إلكتروني"", ""ووردبريس"", ""jQuery"", ""SQLite"", ""مايكروسوفت أكسس"", ""تصميم مواقع"", ""MariaDB""]",20.0,ok,"['html_size', 'has_h1', 'has_stats_table', 'has_skills', 'has_profile_name']",46.09,"معالجة البيانات, CSS, تصميم موقع إلكتروني, مايكروسوفت وورد, تخزين البيانات, برمجة قواعد البيانات, HTML, جافا سكريبت, PHP, إدخال بيانات, إدارة المواقع, إدارة قواعد البيانات, نظام التشغيل ويندوز, إنشاء موقع إلكتروني, ووردبريس, jQuery, SQLite, مايكروسوفت أكسس, تصميم مواقع, MariaDB",2024-10-17T00:00:00
114,https://mostaql.com/u/MoamenDesignr,Moamen E.,مصمم جرافيك,2025-02-10T00:00:00,منذ دقيقة,,10.0,,,,100.0,0.0,0.0,50.0,2.0,10 دقائق,10.0,"[""تصميم إعلان"", ""تصميم بنرات"", ""الفكرة التصميمية"", ""التصميم الإبداعي"", ""تصميم جرافيك"", ""تصميم دعوات"", ""تعديل الصور"", ""فوتوشوب"", ""تصميم بوسترات""]",9.0,ok,"['html_size', 'has_h1', 'has_stats_table', 'has_skills', 'has_profile_name']",43.1,"تصميم إعلان, تصميم بنرات, الفكرة التصميمية, التصميم الإبداعي, تصميم جرافيك, تصميم دعوات, تعديل الصور, فوتوشوب, تصميم بوسترات",2025-02-10T00:00:00
115,https://mostaql.com/u/abadyalanazi,Abdulhadi A.,مهندس برمجيات,2021-09-29T00:00:00,منذ دقيقة,,9.0,20.0,1.0,,100.0,0.0,0.0,6.06,6.0,7 ساعات و 52 دقيقة,472.0,"[""MySQL"", ""Back End"", ""ASP"", ""برمجة"", ""IIS"", ""JSON"", ""Docker"", ""مايكروسوفت إس كيو إل سيرفر"", ""C# Programming"", ""اختبار الاختراق""]",10.0,ok,"['html_size', 'has_h1', 'has_stats_table', 'has_skills', 'has_profile_name']",42.74,"MySQL, Back End, ASP, برمجة, IIS, JSON, Docker, مايكروسوفت إس كيو إل سيرفر, C# Programming, اختبار الاختراق",2021-09-29T00:00:00
116,https://mostaql.com/u/Habibasaeed,Habiba S.,مدير مشاريع,2023-10-15T00:00:00,منذ دقيقة,,3.0,,,,75.0,33.33,0.0,9.76,3.0,ساعتين و 52 دقيقة,172.0,"[""خطة عمل"", ""مساعد افتراضي"", ""خدمة العملاء"", ""مايكروسوفت أوفيس"", ""تدريب عن بعد"", ""التسويق عبر الإنترنت"", ""كتابة مقالات"", ""إدارة حسابات التواصل الاجتماعي"", ""كتابة المحتوى"", ""التدقيق اللغوي""]",10.0,ok,"['html_size', 'has_h1', 'has_stats_table', 'has_skills', 'has_profile_name']",40.53,"خطة عمل, مساعد افتراضي, خدمة العملاء, مايكروسوفت أوفيس, تدريب عن بعد, التسويق عبر الإنترنت, كتابة مقالات, إدارة حسابات التواصل الاجتماعي, كتابة المحتوى, التدقيق اللغوي",2023-10-15T00:00:00
117,https://mostaql.com/u/abd53,عبد الرحمن س.,محرر فيديو,2023-07-15T00:00:00,منذ دقيقة,1.0,6.0,,,,75.0,33.33,0.0,7.81,3.0,6 ساعات و دقيقة,361.0,"[""مونتاج فيديو"", ""اللغة الإنجليزية"", ""التصميم الإبداعي"", ""تعديل الصور"", ""تصميم جرافيك"", ""فوتوشوب""]",6.0,ok,"['html_size', 'has_h1', 'has_stats_table', 'has_skills', 'has_profile_name']",40.38,"مونتاج فيديو, اللغة الإنجليزية, التصميم الإبداعي, تعديل الصور, تصميم جرافيك, فوتوشوب",2023-07-15T00:00:00
118,https://mostaql.com/u/Ammar_Kroush,عمار ك.,Data science,2026-02-16T00:00:00,منذ دقيقة,2.0,7.0,,,,100.0,0.0,0.0,33.33,1.0,58 دقيقة,58.0,"[""تحليلات جوجل"", ""MySQL"", ""هندسة البرمجيات"", ""إدارة قواعد البيانات"", ""معالجة البيانات"", ""تطوير قاعدة بيانات"", ""هندسة البيانات"", ""RAG"", ""الذكاء الاصطناعي"", ""web scraping"", ""FastAPI"", ""بايثون"", ""إدخال بيانات"", ""تحليل البيانات"", ""SQL"", ""استخراج البيانات"", ""مايكروسوفت إكسل""]",17.0,ok,"['html_size', 'has_h1', 'has_stats_table', 'has_skills', 'has_profile_name']",40.25,"تحليلات جوجل, MySQL, هندسة البرمجيات, إدارة قواعد البيانات, معالجة البيانات, تطوير قاعدة بيانات, هندسة البيانات, RAG, الذكاء الاصطناعي, web scraping, FastAPI, بايثون, إدخال بيانات, تحليل البيانات, SQL, استخراج البيانات, مايكروسوفت إكسل",2026-02-16T00:00:00
119,https://mostaql.com/u/Abeer_wafdy,Abeer A.,محلل بيانات,2025-12-11T00:00:00,منذ دقيقة,1.0,4.0,,,,100.0,0.0,0.0,20.0,1.0,23 دقيقة,23.0,"[""تحليل البيانات"", ""استخراج البيانات"", ""إدخال بيانات"", ""إدارة المشاريع"", ""بحث السوق"", ""إدارة التسويق"", ""كتابة التقارير"", ""مايكروسوفت إكسل"", ""باوربوينت"", ""تصميم داش بورد""]",10.0,ok,"['html_size', 'has_h1', 'has_stats_table', 'has_skills', 'has_profile_name']",39.19,"تحليل البيانات, استخراج البيانات, إدخال بيانات, إدارة المشاريع, بحث السوق, إدارة التسويق, كتابة التقارير, مايكروسوفت إكسل, باوربوينت, تصميم داش بورد",2025-12-11T00:00:00
120,https://mostaql.com/u/developer2helpu,Ahmed S.,مهندس برمجيات,2017-06-02T00:00:00,منذ دقيقة,,11.0,,,,57.14,50.0,0.0,6.86,4.0,ساعتين و 11 دقيقة,131.0,"[""CSS"", ""MySQL"", ""PHP"", ""اختبار البرمجيات"", ""تطوير البرمجيات"", ""تطوير قاعدة بيانات"", ""جافا"", ""هندسة البرمجيات"", ""ووردبريس"", ""C# Programming"", ""اللغة العربية"", ""جافا سكريبت"", ""تدريس خصوصي"", ""JavaFX"", ""أنجولار"", ""HTML"", ""J2EE"", ""SQL"", ""برمجة أندرويد"", ""إدارة المواقع""]",20.0,ok,"['html_size', 'has_h1', 'has_stats_table', 'has_skills', 'has_profile_name']",39.05,"CSS, MySQL, PHP, اختبار البرمجيات, تطوير البرمجيات, تطوير قاعدة بيانات, جافا, هندسة البرمجيات, ووردبريس, C# Programming, اللغة العربية, جافا سكريبت, تدريس خصوصي, JavaFX, أنجولار, HTML, J2EE, SQL, برمجة أندرويد, إدارة المواقع",2017-06-02T00:00:00
121,https://mostaql.com/u/kareemmelbana,Kareem E.,مهندس برمجيات,2025-09-06T00:00:00,منذ دقيقة,,5.0,,,,100.0,0.0,0.0,14.29,1.0,6 دقائق,6.0,"[""بوتستراب 5"", ""html5"", ""CSS3"", ""بايثون"", ""بناء الروابط"", ""جافا سكريبت"", ""HTML"", ""C++ Programming"", ""تصميم موقع إلكتروني"", ""CSS""]",10.0,ok,"['html_size', 'has_h1', 'has_stats_table', 'has_skills', 'has_profile_name']",38.73,"بوتستراب 5, html5, CSS3, بايثون, بناء الروابط, جافا سكريبت, HTML, C++ Programming, تصميم موقع إلكتروني, CSS",2025-09-06T00:00:00
122,https://mostaql.com/u/yessam10,Youssef E.,مطور Flutter,2025-08-05T00:00:00,منذ دقيقة,,10.0,,,,100.0,0.0,0.0,14.29,1.0,5 ساعات و 20 دقيقة,320.0,"[""Firebase Cloud Firestore"", ""flutter"", ""واجهة برمجة التطبيقات"", ""Figma"", ""التصميم الإبداعي""]",5.0,ok,"['html_size', 'has_h1', 'has_stats_table', 'has_skills', 'has_profile_name']",38.73,"Firebase Cloud Firestore, flutter, واجهة برمجة التطبيقات, Figma, التصميم الإبداعي",2025-08-05T00:00:00
123,https://mostaql.com/u/CFO_Mohamed,Mohamed A.,مستشار مالي,2025-01-14T00:00:00,منذ دقيقة,1.0,5.0,,,,100.0,0.0,0.0,11.11,1.0,9 ساعات و 45 دقيقة,585.0,"[""استشارات مالية"", ""القوائم المالية"", ""صياغة العقود"", ""محاسبة تكاليف"", ""محاسبة مالية"", ""محاسبة الضرائب"", ""التحليل المالي"", ""الإدارة المالية"", ""تخطيط موارد المؤسسات ERP""]",9.0,ok,"['html_size', 'has_h1', 'has_stats_table', 'has_skills', 'has_profile_name']",38.47,"استشارات مالية, القوائم المالية, صياغة العقود, محاسبة تكاليف, محاسبة مالية, محاسبة الضرائب, التحليل المالي, الإدارة المالية, تخطيط موارد المؤسسات ERP",2025-01-14T00:00:00
124,https://mostaql.com/u/MahmoudDorgham,Mahmoud D.,مهندس برمجيات,2022-02-11T00:00:00,منذ دقيقة,,21.0,,,,100.0,0.0,0.0,10.0,1.0,58 دقيقة,58.0,"[""تحرير المحتوى"", ""كتابة التقارير"", ""البحث والتطوير"", ""الكتابة الإبداعية"", ""كتابة مقالات"", ""التدقيق اللغوي"", ""الكتابة على الإنترنت"", ""مايكروسوفت إكسل"", ""تحويل PDF"", ""مايكروسوفت أوفيس""]",10.0,ok,"['html_size', 'has_h1', 'has_stats_table', 'has_skills', 'has_profile_name']",38.39,"تحرير المحتوى, كتابة التقارير, البحث والتطوير, الكتابة الإبداعية, كتابة مقالات, التدقيق اللغوي, الكتابة على الإنترنت, مايكروسوفت إكسل, تحويل PDF, مايكروسوفت أوفيس",2022-02-11T00:00:00
125,https://mostaql.com/u/mohamednasser0,Mohamed N.,محاسب و محلل بيانات,2022-08-01T00:00:00,منذ دقيقة,,8.0,,,,100.0,0.0,0.0,9.09,1.0,ساعتين و 36 دقيقة,156.0,"[""Power BI"", ""تحليل البيانات"", ""معالجة البيانات"", ""إدخال بيانات"", ""محاسبة"", ""مايكروسوفت إكسل"", ""MySQL"", ""برمجة قواعد البيانات"", ""واجهة برمجة التطبيقات"", ""تصميم داش بورد""]",10.0,ok,"['html_size', 'has_h1', 'has_stats_table', 'has_skills', 'has_profile_name']",38.31,"Power BI, تحليل البيانات, معالجة البيانات, إدخال بيانات, محاسبة, مايكروسوفت إكسل, MySQL, برمجة قواعد البيانات, واجهة برمجة التطبيقات, تصميم داش بورد",2022-08-01T00:00:00
126,https://mostaql.com/u/basemayamn,Bassem A.,مهندس برمجيات,2025-12-17T00:00:00,منذ دقيقة,,16.0,,,,100.0,0.0,0.0,4.55,1.0,38 دقيقة,38.0,"[""بوتستراب 5"", ""html5"", ""Next.js"", ""Tailwind CSS"", ""تحريك شعار"", ""التصميم المتجاوب"", ""jQuery"", ""جافا سكريبت"", ""تحويل تصميم من PSD إلى HTML"", ""CSS"", ""React"", ""تصميم موقع إلكتروني"", ""Firebase Cloud Firestore"", ""Redux"", ""HTML"", ""ووردبريس""]",16.0,ok,"['html_size', 'has_h1', 'has_stats_table', 'has_skills', 'has_profile_name']",37.95,"بوتستراب 5, html5, Next.js, Tailwind CSS, تحريك شعار, التصميم المتجاوب, jQuery, جافا سكريبت, تحويل تصميم من PSD إلى HTML, CSS, React, تصميم موقع إلكتروني, Firebase Cloud Firestore, Redux, HTML, ووردبريس",2025-12-17T00:00:00
127,https://mostaql.com/u/MR_SaSa,مصطفي ا.,مصمم جرافيك,2015-08-28T00:00:00,منذ دقيقة,,20.0,,,,80.0,0.0,0.0,13.16,4.0,4 ساعات و 25 دقيقة,265.0,"[""التصميم الإبداعي"", ""ما قبل الطباعة"", ""الفكرة التصميمية"", ""تصميم بوسترات"", ""تصميم دعوات"", ""تصميم بروشور"", ""تصميم ملصقات"", ""تصميم ملصقات المنتجات"", ""تعديل الصور"", ""Adobe Illustrator""]",10.0,ok,"['html_size', 'has_h1', 'has_stats_table', 'has_skills', 'has_profile_name']",35.06,"التصميم الإبداعي, ما قبل الطباعة, الفكرة التصميمية, تصميم بوسترات, تصميم دعوات, تصميم بروشور, تصميم ملصقات, تصميم ملصقات المنتجات, تعديل الصور, Adobe Illustrator",2015-08-28T00:00:00
128,https://mostaql.com/u/Abdelsammie,Mohamed Adel N.,مصمم جرافيك,2022-11-25T00:00:00,منذ دقيقة,,4.0,,,,50.0,0.0,0.0,25.0,1.0,7 ساعات و 29 دقيقة,449.0,"[""رسم شخصيات كرتونية"", ""تصميم"", ""رسوم متحركة"", ""تصميم موشن جرافيك"", ""الفكرة التصميمية"", ""التصميم الإبداعي"", ""تصميم جرافيك"", ""تصميم إعلان"", ""إنتاج الفيديو"", ""مونتاج فيديو""]",10.0,ok,"['html_size', 'has_h1', 'has_stats_table', 'has_skills', 'has_profile_name']",22.09,"رسم شخصيات كرتونية, تصميم, رسوم متحركة, تصميم موشن جرافيك, الفكرة التصميمية, التصميم الإبداعي, تصميم جرافيك, تصميم إعلان, إنتاج الفيديو, مونتاج فيديو",2022-11-25T00:00:00
129,https://mostaql.com/u/nahass_87868,Ahmad A.,مصمم ثلاثي الابعاد,2023-04-25T00:00:00,منذ دقيقة,,9.0,,,,50.0,0.0,0.0,16.67,1.0,3 ساعات و 32 دقيقة,212.0,"[""التصميم الإبداعي"", ""تصميم جرافيك"", ""تصميم سيرة ذاتية"", ""تصميم شعار"", ""Adobe Illustrator"", ""تصميم بوسترات"", ""فوتوشوب"", ""تصميم موشن جرافيك"", ""تصميم هوية تجارية"", ""تصميم هوية بصرية""]",10.0,ok,"['html_size', 'has_h1', 'has_stats_table', 'has_skills', 'has_profile_name']",21.42,"التصميم الإبداعي, تصميم جرافيك, تصميم سيرة ذاتية, تصميم شعار, Adobe Illustrator, تصميم بوسترات, فوتوشوب, تصميم موشن جرافيك, تصميم هوية تجارية, تصميم هوية بصرية",2023-04-25T00:00:00
130,https://mostaql.com/u/abdulsalam1996,عبد السلام ا.,مطور Full Stack,2024-03-15T00:00:00,منذ دقيقة,,3.0,,,,0.0,,,12.5,,33 دقيقة,33.0,"[""HTML"", ""التسويق عبر الإنترنت"", ""الكتابة على الإنترنت"", ""التسويق الإلكتروني"", ""تصميم موقع إلكتروني"", ""التسويق عبر مواقع التواصل الاجتماعي"", ""جافا سكريبت"", ""PHP"", ""ووردبريس"", ""إنشاء موقع إلكتروني"", ""تحليلات جوجل"", ""خدمات الويب"", ""برمجة مواقع"", ""التجارة الإلكترونية"", ""تحسين محركات البحث"", ""تدقيق SEO"", ""لارافيل""]",17.0,ok,"['html_size', 'has_h1', 'has_stats_table', 'has_skills', 'has_profile_name']",1.0,"HTML, التسويق عبر الإنترنت, الكتابة على الإنترنت, التسويق الإلكتروني, تصميم موقع إلكتروني, التسويق عبر مواقع التواصل الاجتماعي, جافا سكريبت, PHP, ووردبريس, إنشاء موقع إلكتروني, تحليلات جوجل, خدمات الويب, برمجة مواقع, التجارة الإلكترونية, تحسين محركات البحث, تدقيق SEO, لارافيل",2024-03-15T00:00:00
131,https://mostaql.com/u/Hosamhe,,,NaT,,,,,,,,,,,,,,,,no_html,,0.0,,NaT
132,https://mostaql.com/u/reham_1saeed,,,NaT,,,,,,,,,,,,,,,,no_html,,0.0,,NaT
133,https://mostaql.com/u/Hasan_mamo,,,NaT,,,,,,,,,,,,,,,,no_html,,0.0,,NaT
134,https://mostaql.com/u/ZEVEX_Designs,,,NaT,,,,,,,,,,,,,,,,no_html,,0.0,,NaT
135,https://mostaql.com/u/Mohamed_sayed72,,,NaT,,,,,,,,,,,,,,,,no_html,,0.0,,NaT
136,https://mostaql.com/u/alaa_alrashidy,,,NaT,,,,,,,,,,,,,,,,no_html,,0.0,,NaT
137,https://mostaql.com/u/khaledelashi64,,,NaT,,,,,,,,,,,,,,,,no_html,,0.0,,NaT
138,https://mostaql.com/u/Hanan_Mahmoud,,,NaT,,,,,,,,,,,,,,,,no_html,,0.0,,NaT
139,https://mostaql.com/u/imsemoo,,,NaT,,,,,,,,,,,,,,,,no_html,,0.0,,NaT
140,https://mostaql.com/u/Ahmed_RamadanR,,,NaT,,,,,,,,,,,,,,,,no_html,,0.0,,NaT
141,https://mostaql.com/u/NASSER_MOHAMMED,,,NaT,,,,,,,,,,,,,,,,no_html,,0.0,,NaT
142,https://mostaql.com/u/Fathy_elfar,,,NaT,,,,,,,,,,,,,,,,no_html,,0.0,,NaT
143,https://mostaql.com/u/Midosok123,,,NaT,,,,,,,,,,,,,,,,no_html,,0.0,,NaT
144,https://mostaql.com/u/Saaid73,,,NaT,,,,,,,,,,,,,,,,no_html,,0.0,,NaT
145,https://mostaql.com/u/faditaweil,,,NaT,,,,,,,,,,,,,,,,no_html,,0.0,,NaT
146,https://mostaql.com/u/Ahmed_Antar20,,,NaT,,,,,,,,,,,,,,,,no_html,,0.0,,NaT
147,https://mostaql.com/u/AmrAbokhaled,,,NaT,,,,,,,,,,,,,,,,no_html,,0.0,,NaT
148,https://mostaql.com/u/mina_mazen,,,NaT,,,,,,,,,,,,,,,,no_html,,0.0,,NaT
149,https://mostaql.com/u/hossam7asan,,,NaT,,,,,,,,,,,,,,,,no_html,,0.0,,NaT
150,https://mostaql.com/u/hamada_salem77,,,NaT,,,,,,,,,,,,,,,,no_html,,0.0,,NaT
151,https://mostaql.com/u/Aya_Abdulkarim,,,NaT,,,,,,,,,,,,,,,,no_html,,0.0,,NaT
152,https://mostaql.com/u/hend_mohammed2,,,NaT,,,,,,,,,,,,,,,,no_html,,0.0,,NaT
153,https://mostaql.com/u/mr_ahmed_yousif,,,NaT,,,,,,,,,,,,,,,,no_html,,0.0,,NaT
154,https://mostaql.com/u/MaisaKhudair,,,NaT,,,,,,,,,,,,,,,,no_html,,0.0,,NaT
155,https://mostaql.com/u/Mohamed_834,,,NaT,,,,,,,,,,,,,,,,no_html,,0.0,,NaT
156,https://mostaql.com/u/Mohammed_Hdz,,,NaT,,,,,,,,,,,,,,,,no_html,,0.0,,NaT
157,https://mostaql.com/u/MahmoudAljadili,,,NaT,,,,,,,,,,,,,,,,no_html,,0.0,,NaT
158,https://mostaql.com/u/kareemsaber08,,,NaT,,,,,,,,,,,,,,,,no_html,,0.0,,NaT
159,https://mostaql.com/u/HassanDahan,,,NaT,,,,,,,,,,,,,,,,no_html,,0.0,,NaT
160,https://mostaql.com/u/Mohammed140122,,,NaT,,,,,,,,,,,,,,,,no_html,,0.0,,NaT
161,https://mostaql.com/u/zine07,,,NaT,,,,,,,,,,,,,,,,no_html,,0.0,,NaT
162,https://mostaql.com/u/nasser_65,,,NaT,,,,,,,,,,,,,,,,no_html,,0.0,,NaT
163,https://mostaql.com/u/faizfoa,,,NaT,,,,,,,,,,,,,,,,no_html,,0.0,,NaT
164,https://mostaql.com/u/Ahmed_eldeebb,,,NaT,,,,,,,,,,,,,,,,no_html,,0.0,,NaT
165,https://mostaql.com/u/Mohamad_Mmdoh,,,NaT,,,,,,,,,,,,,,,,no_html,,0.0,,NaT
166,https://mostaql.com/u/hanyanes2007,,,NaT,,,,,,,,,,,,,,,,no_html,,0.0,,NaT
167,https://mostaql.com/u/abdelrahman215,,,NaT,,,,,,,,,,,,,,,,no_html,,0.0,,NaT
168,https://mostaql.com/u/muhammad__rabie,,,NaT,,,,,,,,,,,,,,,,no_html,,0.0,,NaT
169,https://mostaql.com/u/ahmedmgp,,,NaT,,,,,,,,,,,,,,,,no_html,,0.0,,NaT
170,https://mostaql.com/u/Abdualrhman20,,,NaT,,,,,,,,,,,,,,,,no_html,,0.0,,NaT
171,https://mostaql.com/u/Baselhousein,,,NaT,,,,,,,,,,,,,,,,no_html,,0.0,,NaT
172,https://mostaql.com/u/Rana12,,,NaT,,,,,,,,,,,,,,,,no_html,,0.0,,NaT
173,https://mostaql.com/u/Youssef_Eid88,,,NaT,,,,,,,,,,,,,,,,no_html,,0.0,,NaT
174,https://mostaql.com/u/hisham_kamell,,,NaT,,,,,,,,,,,,,,,,no_html,,0.0,,NaT
175,https://mostaql.com/u/adam_fouad,,,NaT,,,,,,,,,,,,,,,,no_html,,0.0,,NaT
176,https://mostaql.com/u/magdyhafez,,,NaT,,,,,,,,,,,,,,,,no_html,,0.0,,NaT
177,https://mostaql.com/u/Sidi09,,,NaT,,,,,,,,,,,,,,,,no_html,,0.0,,NaT
178,https://mostaql.com/u/AhmedAbdalazeem,,,NaT,,,,,,,,,,,,,,,,no_html,,0.0,,NaT
179,https://mostaql.com/u/Faresajami,,,NaT,,,,,,,,,,,,,,,,no_html,,0.0,,NaT
180,https://mostaql.com/u/Mohamed632002,,,NaT,,,,,,,,,,,,,,,,no_html,,0.0,,NaT
181,https://mostaql.com/u/mazen_alyousef,,,NaT,,,,,,,,,,,,,,,,no_html,,0.0,,NaT
182,https://mostaql.com/u/hindwadia,,,NaT,,,,,,,,,,,,,,,,no_html,,0.0,,NaT
183,https://mostaql.com/u/samir_soliman06,,,NaT,,,,,,,,,,,,,,,,no_html,,0.0,,NaT
184,https://mostaql.com/u/salem_gomaa717,,,NaT,,,,,,,,,,,,,,,,no_html,,0.0,,NaT
185,https://mostaql.com/u/Moataz_Ghareib,,,NaT,,,,,,,,,,,,,,,,no_html,,0.0,,NaT
186,https://mostaql.com/u/ayshaastal5,,,NaT,,,,,,,,,,,,,,,,no_html,,0.0,,NaT
187,https://mostaql.com/u/Waleed_Ashraf4,,,NaT,,,,,,,,,,,,,,,,no_html,,0.0,,NaT
188,https://mostaql.com/u/a7meddiab,,,NaT,,,,,,,,,,,,,,,,no_html,,0.0,,NaT
189,https://mostaql.com/u/doha_ibrahim2,,,NaT,,,,,,,,,,,,,,,,no_html,,0.0,,NaT
190,https://mostaql.com/u/shimaam80,,,NaT,,,,,,,,,,,,,,,,no_html,,0.0,,NaT
191,https://mostaql.com/u/Khaled_M0ohamed,,,NaT,,,,,,,,,,,,,,,,no_html,,0.0,,NaT
192,https://mostaql.com/u/Loay_31,,,NaT,,,,,,,,,,,,,,,,no_html,,0.0,,NaT
193,https://mostaql.com/u/AbeerAbdelwahab,,,NaT,,,,,,,,,,,,,,,,no_html,,0.0,,NaT
194,https://mostaql.com/u/Eslam_Najm,,,NaT,,,,,,,,,,,,,,,,no_html,,0.0,,NaT
195,https://mostaql.com/u/Hisham_7assan,,,NaT,,,,,,,,,,,,,,,,no_html,,0.0,,NaT
196,https://mostaql.com/u/Reemalsayed2024,,,NaT,,,,,,,,,,,,,,,,no_html,,0.0,,NaT
197,https://mostaql.com/u/nouh135,,,NaT,,,,,,,,,,,,,,,,no_html,,0.0,,NaT
198,https://mostaql.com/u/muhammed_elkomy,,,NaT,,,,,,,,,,,,,,,,no_html,,0.0,,NaT
199,https://mostaql.com/u/ArchAbdlrhman,,,NaT,,,,,,,,,,,,,,,,no_html,,0.0,,NaT
200,https://mostaql.com/u/wahiba_belaabed,,,NaT,,,,,,,,,,,,,,,,no_html,,0.0,,NaT
201,https://mostaql.com/u/Abedalirzaq,,,NaT,,,,,,,,,,,,,,,,no_html,,0.0,,NaT
202,https://mostaql.com/u/A_waheed,,,NaT,,,,,,,,,,,,,,,,no_html,,0.0,,NaT
203,https://mostaql.com/u/mohamedagamey,,,NaT,,,,,,,,,,,,,,,,no_html,,0.0,,NaT
204,https://mostaql.com/u/Abdulhafeez1_32,,,NaT,,,,,,,,,,,,,,,,no_html,,0.0,,NaT
205,https://mostaql.com/u/abotalib0,,,NaT,,,,,,,,,,,,,,,,no_html,,0.0,,NaT
206,https://mostaql.com/u/Asmaa_maher3,,,NaT,,,,,,,,,,,,,,,,no_html,,0.0,,NaT
207,https://mostaql.com/u/US_10583,,,NaT,,,,,,,,,,,,,,,,no_html,,0.0,,NaT
208,https://mostaql.com/u/Eg_Afnan,,,NaT,,,,,,,,,,,,,,,,no_html,,0.0,,NaT
209,https://mostaql.com/u/Gerges_Emadking,,,NaT,,,,,,,,,,,,,,,,no_html,,0.0,,NaT
210,https://mostaql.com/u/abdulrahman_66,,,NaT,,,,,,,,,,,,,,,,no_html,,0.0,,NaT
211,https://mostaql.com/u/Nada_alaa1991,,,NaT,,,,,,,,,,,,,,,,no_html,,0.0,,NaT
212,https://mostaql.com/u/omar_Alamir,,,NaT,,,,,,,,,,,,,,,,no_html,,0.0,,NaT
213,https://mostaql.com/u/Mostafadarsh167,,,NaT,,,,,,,,,,,,,,,,no_html,,0.0,,NaT
214,https://mostaql.com/u/asanal,,,NaT,,,,,,,,,,,,,,,,no_html,,0.0,,NaT
215,https://mostaql.com/u/Mohammed_159,,,NaT,,,,,,,,,,,,,,,,no_html,,0.0,,NaT
216,https://mostaql.com/u/Ali_N_Mohamed,,,NaT,,,,,,,,,,,,,,,,no_html,,0.0,,NaT
217,https://mostaql.com/u/Rania_bader,,,NaT,,,,,,,,,,,,,,,,no_html,,0.0,,NaT
218,https://mostaql.com/u/Khaled_Wesam,,,NaT,,,,,,,,,,,,,,,,no_html,,0.0,,NaT
219,https://mostaql.com/u/neroashour,,,NaT,,,,,,,,,,,,,,,,no_html,,0.0,,NaT
220,https://mostaql.com/u/2amralbasel,,,NaT,,,,,,,,,,,,,,,,no_html,,0.0,,NaT
221,https://mostaql.com/u/Waleed_FCI,,,NaT,,,,,,,,,,,,,,,,no_html,,0.0,,NaT
222,https://mostaql.com/u/web_misr,,,NaT,,,,,,,,,,,,,,,,no_html,,0.0,,NaT
223,https://mostaql.com/u/M0stafaSanad,,,NaT,,,,,,,,,,,,,,,,no_html,,0.0,,NaT
224,https://mostaql.com/u/Ehab_korany994,,,NaT,,,,,,,,,,,,,,,,no_html,,0.0,,NaT
225,https://mostaql.com/u/Essamxc,,,NaT,,,,,,,,,,,,,,,,no_html,,0.0,,NaT
226,https://mostaql.com/u/NadiaMostafa45,,,NaT,,,,,,,,,,,,,,,,no_html,,0.0,,NaT
227,https://mostaql.com/u/omai02ma,,,NaT,,,,,,,,,,,,,,,,no_html,,0.0,,NaT
228,https://mostaql.com/u/polly_perkin333,,,NaT,,,,,,,,,,,,,,,,no_html,,0.0,,NaT
229,https://mostaql.com/u/charafben,,,NaT,,,,,,,,,,,,,,,,no_html,,0.0,,NaT
230,https://mostaql.com/u/noorhamdy,,,NaT,,,,,,,,,,,,,,,,no_html,,0.0,,NaT
231,https://mostaql.com/u/Alwatar,,,NaT,,,,,,,,,,,,,,,,no_html,,0.0,,NaT
232,https://mostaql.com/u/Abdelazeem492,,,NaT,,,,,,,,,,,,,,,,no_html,,0.0,,NaT
233,https://mostaql.com/u/NourElden0,,,NaT,,,,,,,,,,,,,,,,no_html,,0.0,,NaT
234,https://mostaql.com/u/ERMICHREDA,,,NaT,,,,,,,,,,,,,,,,no_html,,0.0,,NaT
235,https://mostaql.com/u/belgacem_adnane,,,NaT,,,,,,,,,,,,,,,,no_html,,0.0,,NaT
236,https://mostaql.com/u/Mhamadmeouche,,,NaT,,,,,,,,,,,,,,,,no_html,,0.0,,NaT
237,https://mostaql.com/u/aliahmedhe,,,NaT,,,,,,,,,,,,,,,,no_html,,0.0,,NaT
238,https://mostaql.com/u/mayar_eshtawi,,,NaT,,,,,,,,,,,,,,,,no_html,,0.0,,NaT
239,https://mostaql.com/u/DolagyAbdRabo30,,,NaT,,,,,,,,,,,,,,,,no_html,,0.0,,NaT
240,https://mostaql.com/u/Mohamed_Fa1990,,,NaT,,,,,,,,,,,,,,,,no_html,,0.0,,NaT
241,https://mostaql.com/u/IsmaillAb,,,NaT,,,,,,,,,,,,,,,,no_html,,0.0,,NaT
242,https://mostaql.com/u/soha_yasser95,,,NaT,,,,,,,,,,,,,,,,no_html,,0.0,,NaT
243,https://mostaql.com/u/eya_dh,,,NaT,,,,,,,,,,,,,,,,no_html,,0.0,,NaT
244,https://mostaql.com/u/mohamed_shafy,,,NaT,,,,,,,,,,,,,,,,no_html,,0.0,,NaT
245,https://mostaql.com/u/abdelrhamanwael,,,NaT,,,,,,,,,,,,,,,,no_html,,0.0,,NaT
246,https://mostaql.com/u/MaherNader,,,NaT,,,,,,,,,,,,,,,,no_html,,0.0,,NaT
247,https://mostaql.com/u/adham96,,,NaT,,,,,,,,,,,,,,,,no_html,,0.0,,NaT
248,https://mostaql.com/u/ahmadmans,,,NaT,,,,,,,,,,,,,,,,no_html,,0.0,,NaT
249,https://mostaql.com/u/loubna_t,,,NaT,,,,,,,,,,,,,,,,no_html,,0.0,,NaT
250,https://mostaql.com/u/saifshorfa,,,NaT,,,,,,,,,,,,,,,,no_html,,0.0,,NaT
251,https://mostaql.com/u/housna_had,,,NaT,,,,,,,,,,,,,,,,no_html,,0.0,,NaT
252,https://mostaql.com/u/Mazein_14,,,NaT,,,,,,,,,,,,,,,,no_html,,0.0,,NaT
253,https://mostaql.com/u/mgicsolutions,,,NaT,,,,,,,,,,,,,,,,no_html,,0.0,,NaT
254,https://mostaql.com/u/CodeWithAhmed,,,NaT,,,,,,,,,,,,,,,,no_html,,0.0,,NaT
255,https://mostaql.com/u/Ahmadhamdan45,,,NaT,,,,,,,,,,,,,,,,no_html,,0.0,,NaT
256,https://mostaql.com/u/Reem_Alhalabi,,,NaT,,,,,,,,,,,,,,,,no_html,,0.0,,NaT
257,https://mostaql.com/u/sara_adell,,,NaT,,,,,,,,,,,,,,,,no_html,,0.0,,NaT
258,https://mostaql.com/u/ShahdIbahim_216,,,NaT,,,,,,,,,,,,,,,,no_html,,0.0,,NaT
259,https://mostaql.com/u/Dina_M85,,,NaT,,,,,,,,,,,,,,,,no_html,,0.0,,NaT
260,https://mostaql.com/u/brahimkhantach,,,NaT,,,,,,,,,,,,,,,,no_html,,0.0,,NaT
261,https://mostaql.com/u/mostafa72005,,,NaT,,,,,,,,,,,,,,,,no_html,,0.0,,NaT
262,https://mostaql.com/u/MinaWassi,,,NaT,,,,,,,,,,,,,,,,no_html,,0.0,,NaT
263,https://mostaql.com/u/Abdelrhman_92,,,NaT,,,,,,,,,,,,,,,,no_html,,0.0,,NaT
264,https://mostaql.com/u/emansiam,,,NaT,,,,,,,,,,,,,,,,no_html,,0.0,,NaT
265,https://mostaql.com/u/omaratia2004,,,NaT,,,,,,,,,,,,,,,,no_html,,0.0,,NaT
266,https://mostaql.com/u/LamissNijim,,,NaT,,,,,,,,,,,,,,,,no_html,,0.0,,NaT
267,https://mostaql.com/u/knayrab,,,NaT,,,,,,,,,,,,,,,,no_html,,0.0,,NaT
268,https://mostaql.com/u/Heba_Alomwasi,,,NaT,,,,,,,,,,,,,,,,no_html,,0.0,,NaT
269,https://mostaql.com/u/Ezeddin_Berkdar,,,NaT,,,,,,,,,,,,,,,,no_html,,0.0,,NaT
270,https://mostaql.com/u/Abeer_mahmoud20,,,NaT,,,,,,,,,,,,,,,,no_html,,0.0,,NaT
271,https://mostaql.com/u/Hassanmo23,,,NaT,,,,,,,,,,,,,,,,no_html,,0.0,,NaT
272,https://mostaql.com/u/amir_mustafa_00,,,NaT,,,,,,,,,,,,,,,,no_html,,0.0,,NaT
273,https://mostaql.com/u/salsabelalnazly,,,NaT,,,,,,,,,,,,,,,,no_html,,0.0,,NaT
274,https://mostaql.com/u/Amirayasser_1,,,NaT,,,,,,,,,,,,,,,,no_html,,0.0,,NaT
275,https://mostaql.com/u/AmrAhmadMahmoud,,,NaT,,,,,,,,,,,,,,,,no_html,,0.0,,NaT
276,https://mostaql.com/u/mohammedsame,,,NaT,,,,,,,,,,,,,,,,no_html,,0.0,,NaT
277,https://mostaql.com/u/Omarek386,,,NaT,,,,,,,,,,,,,,,,no_html,,0.0,,NaT
278,https://mostaql.com/u/DoaaMohammed372,,,NaT,,,,,,,,,,,,,,,,no_html,,0.0,,NaT
279,https://mostaql.com/u/ZyadOsama12,,,NaT,,,,,,,,,,,,,,,,no_html,,0.0,,NaT
280,https://mostaql.com/u/adahshan,,,NaT,,,,,,,,,,,,,,,,no_html,,0.0,,NaT
281,https://mostaql.com/u/m_elsherif55,,,NaT,,,,,,,,,,,,,,,,no_html,,0.0,,NaT
282,https://mostaql.com/u/1371985Ahmed,,,NaT,,,,,,,,,,,,,,,,no_html,,0.0,,NaT
283,https://mostaql.com/u/Shim123_456,,,NaT,,,,,,,,,,,,,,,,no_html,,0.0,,NaT
284,https://mostaql.com/u/Same7_Paco,,,NaT,,,,,,,,,,,,,,,,no_html,,0.0,,NaT
285,https://mostaql.com/u/AhmedAli30,,,NaT,,,,,,,,,,,,,,,,no_html,,0.0,,NaT
286,https://mostaql.com/u/abdullah_336,,,NaT,,,,,,,,,,,,,,,,no_html,,0.0,,NaT
287,https://mostaql.com/u/Ahmed8198,,,NaT,,,,,,,,,,,,,,,,no_html,,0.0,,NaT
288,https://mostaql.com/u/batasayed25,,,NaT,,,,,,,,,,,,,,,,no_html,,0.0,,NaT
289,https://mostaql.com/u/Messamovic,,,NaT,,,,,,,,,,,,,,,,no_html,,0.0,,NaT
290,https://mostaql.com/u/YasminSabri,,,NaT,,,,,,,,,,,,,,,,no_html,,0.0,,NaT
291,https://mostaql.com/u/Mustafa_Ewida21,,,NaT,,,,,,,,,,,,,,,,no_html,,0.0,,NaT
292,https://mostaql.com/u/Ahmed_kiantoon,,,NaT,,,,,,,,,,,,,,,,no_html,,0.0,,NaT
293,https://mostaql.com/u/Kareem_Elsaye,,,NaT,,,,,,,,,,,,,,,,no_html,,0.0,,NaT
294,https://mostaql.com/u/CrazyGeek,,,NaT,,,,,,,,,,,,,,,,no_html,,0.0,,NaT
295,https://mostaql.com/u/NOUHAZAYED,,,NaT,,,,,,,,,,,,,,,,no_html,,0.0,,NaT
296,https://mostaql.com/u/maha_alkahlout,,,NaT,,,,,,,,,,,,,,,,no_html,,0.0,,NaT
297,https://mostaql.com/u/Data_With_Saeed,,,NaT,,,,,,,,,,,,,,,,no_html,,0.0,,NaT
298,https://mostaql.com/u/Mysara_adel,,,NaT,,,,,,,,,,,,,,,,no_html,,0.0,,NaT
299,https://mostaql.com/u/y4sser1,,,NaT,,,,,,,,,,,,,,,,no_html,,0.0,,NaT
300,https://mostaql.com/u/jameel_1999,,,NaT,,,,,,,,,,,,,,,,no_html,,0.0,,NaT
301,https://mostaql.com/u/Yousuf_S20,,,NaT,,,,,,,,,,,,,,,,no_html,,0.0,,NaT
302,https://mostaql.com/u/abdullah_allam,,,NaT,,,,,,,,,,,,,,,,no_html,,0.0,,NaT
303,https://mostaql.com/u/omae_abu,,,NaT,,,,,,,,,,,,,,,,no_html,,0.0,,NaT
304,https://mostaql.com/u/Mohammed_1112,,,NaT,,,,,,,,,,,,,,,,no_html,,0.0,,NaT
305,https://mostaql.com/u/mouris_magdy,,,NaT,,,,,,,,,,,,,,,,no_html,,0.0,,NaT
306,https://mostaql.com/u/mostafa_ayoub,,,NaT,,,,,,,,,,,,,,,,no_html,,0.0,,NaT
307,https://mostaql.com/u/shimaamamdouh56,,,NaT,,,,,,,,,,,,,,,,no_html,,0.0,,NaT
308,https://mostaql.com/u/saeed_dev_ps,,,NaT,,,,,,,,,,,,,,,,no_html,,0.0,,NaT
309,https://mostaql.com/u/Bilal_Salmi100,,,NaT,,,,,,,,,,,,,,,,no_html,,0.0,,NaT
310,https://mostaql.com/u/MahmoudHassan68,,,NaT,,,,,,,,,,,,,,,,no_html,,0.0,,NaT
311,https://mostaql.com/u/reemalsaid,,,NaT,,,,,,,,,,,,,,,,no_html,,0.0,,NaT
312,https://mostaql.com/u/Abu_alkhair90,,,NaT,,,,,,,,,,,,,,,,no_html,,0.0,,NaT
313,https://mostaql.com/u/said56,,,NaT,,,,,,,,,,,,,,,,no_html,,0.0,,NaT
314,https://mostaql.com/u/Najwa_hmf25,,,NaT,,,,,,,,,,,,,,,,no_html,,0.0,,NaT
315,https://mostaql.com/u/Shaabansayed73,,,NaT,,,,,,,,,,,,,,,,no_html,,0.0,,NaT
316,https://mostaql.com/u/mr_wail,,,NaT,,,,,,,,,,,,,,,,no_html,,0.0,,NaT
317,https://mostaql.com/u/Boutefaha,,,NaT,,,,,,,,,,,,,,,,no_html,,0.0,,NaT
318,https://mostaql.com/u/AMHdes90,,,NaT,,,,,,,,,,,,,,,,no_html,,0.0,,NaT
319,https://mostaql.com/u/Nesma_ElHetawy,,,NaT,,,,,,,,,,,,,,,,no_html,,0.0,,NaT
320,https://mostaql.com/u/fatemh_alzhraa8,,,NaT,,,,,,,,,,,,,,,,no_html,,0.0,,NaT
321,https://mostaql.com/u/ezz_atallah,,,NaT,,,,,,,,,,,,,,,,no_html,,0.0,,NaT
322,https://mostaql.com/u/elmoiv,,,NaT,,,,,,,,,,,,,,,,no_html,,0.0,,NaT
323,https://mostaql.com/u/Maysarajarkas,,,NaT,,,,,,,,,,,,,,,,no_html,,0.0,,NaT
324,https://mostaql.com/u/Abdelrahman0009,,,NaT,,,,,,,,,,,,,,,,no_html,,0.0,,NaT
325,https://mostaql.com/u/khaled_4500,,,NaT,,,,,,,,,,,,,,,,no_html,,0.0,,NaT
326,https://mostaql.com/u/hazem_ahmed213,,,NaT,,,,,,,,,,,,,,,,no_html,,0.0,,NaT
327,https://mostaql.com/u/shraf_eldeen,,,NaT,,,,,,,,,,,,,,,,no_html,,0.0,,NaT
328,https://mostaql.com/u/Layan_Altajjar,,,NaT,,,,,,,,,,,,,,,,no_html,,0.0,,NaT
329,https://mostaql.com/u/asma1b,,,NaT,,,,,,,,,,,,,,,,no_html,,0.0,,NaT
330,https://mostaql.com/u/naderelkomely,,,NaT,,,,,,,,,,,,,,,,no_html,,0.0,,NaT
331,https://mostaql.com/u/dina_fahim,,,NaT,,,,,,,,,,,,,,,,no_html,,0.0,,NaT
332,https://mostaql.com/u/Maximos_xxv,,,NaT,,,,,,,,,,,,,,,,no_html,,0.0,,NaT
333,https://mostaql.com/u/MG_Ammar,,,NaT,,,,,,,,,,,,,,,,no_html,,0.0,,NaT
334,https://mostaql.com/u/ahmedzena,,,NaT,,,,,,,,,,,,,,,,no_html,,0.0,,NaT
335,https://mostaql.com/u/Souhaila_17,,,NaT,,,,,,,,,,,,,,,,no_html,,0.0,,NaT
336,https://mostaql.com/u/Aba_Adham,,,NaT,,,,,,,,,,,,,,,,no_html,,0.0,,NaT
337,https://mostaql.com/u/ahmed_younes0,,,NaT,,,,,,,,,,,,,,,,no_html,,0.0,,NaT
338,https://mostaql.com/u/mouslem24,,,NaT,,,,,,,,,,,,,,,,no_html,,0.0,,NaT
339,https://mostaql.com/u/malqershi,,,NaT,,,,,,,,,,,,,,,,no_html,,0.0,,NaT
340,https://mostaql.com/u/rawnmortaja,,,NaT,,,,,,,,,,,,,,,,no_html,,0.0,,NaT
341,https://mostaql.com/u/karrim,,,NaT,,,,,,,,,,,,,,,,no_html,,0.0,,NaT
342,https://mostaql.com/u/sayed5423,,,NaT,,,,,,,,,,,,,,,,no_html,,0.0,,NaT
343,https://mostaql.com/u/Mohammed_ashrf,,,NaT,,,,,,,,,,,,,,,,no_html,,0.0,,NaT
344,https://mostaql.com/u/Mahmad_Zabadani,,,NaT,,,,,,,,,,,,,,,,no_html,,0.0,,NaT
345,https://mostaql.com/u/Aya_Shrief1,,,NaT,,,,,,,,,,,,,,,,no_html,,0.0,,NaT
346,https://mostaql.com/u/youanna1,,,NaT,,,,,,,,,,,,,,,,no_html,,0.0,,NaT
347,https://mostaql.com/u/alhachdadi,,,NaT,,,,,,,,,,,,,,,,no_html,,0.0,,NaT
348,https://mostaql.com/u/Eslam_mo_2024,,,NaT,,,,,,,,,,,,,,,,no_html,,0.0,,NaT
349,https://mostaql.com/u/yousesf_khedr,,,NaT,,,,,,,,,,,,,,,,no_html,,0.0,,NaT
350,https://mostaql.com/u/Husam5050,,,NaT,,,,,,,,,,,,,,,,no_html,,0.0,,NaT
351,https://mostaql.com/u/Mazen1971,,,NaT,,,,,,,,,,,,,,,,no_html,,0.0,,NaT
352,https://mostaql.com/u/kh34d,,,NaT,,,,,,,,,,,,,,,,no_html,,0.0,,NaT
353,https://mostaql.com/u/saber14hassan,,,NaT,,,,,,,,,,,,,,,,no_html,,0.0,,NaT
354,https://mostaql.com/u/Mohammedanbar,,,NaT,,,,,,,,,,,,,,,,no_html,,0.0,,NaT
355,https://mostaql.com/u/Noor_Mohsen_A,,,NaT,,,,,,,,,,,,,,,,no_html,,0.0,,NaT
356,https://mostaql.com/u/bahaa_aljazzar,,,NaT,,,,,,,,,,,,,,,,no_html,,0.0,,NaT
357,https://mostaql.com/u/yusufgamal,,,NaT,,,,,,,,,,,,,,,,no_html,,0.0,,NaT
358,https://mostaql.com/u/MostafaSrvcsPro,,,NaT,,,,,,,,,,,,,,,,no_html,,0.0,,NaT
359,https://mostaql.com/u/islamibrahim12,,,NaT,,,,,,,,,,,,,,,,no_html,,0.0,,NaT
360,https://mostaql.com/u/muhamadNaqira,,,NaT,,,,,,,,,,,,,,,,no_html,,0.0,,NaT
361,https://mostaql.com/u/Mahmoudabdo61,,,NaT,,,,,,,,,,,,,,,,no_html,,0.0,,NaT
362,https://mostaql.com/u/Engy_Ali36,,,NaT,,,,,,,,,,,,,,,,no_html,,0.0,,NaT
363,https://mostaql.com/u/Mobadr1,,,NaT,,,,,,,,,,,,,,,,no_html,,0.0,,NaT
364,https://mostaql.com/u/youssef_m172,,,NaT,,,,,,,,,,,,,,,,no_html,,0.0,,NaT
365,https://mostaql.com/u/mohshima,,,NaT,,,,,,,,,,,,,,,,no_html,,0.0,,NaT
366,https://mostaql.com/u/EngHussein,,,NaT,,,,,,,,,,,,,,,,no_html,,0.0,,NaT
367,https://mostaql.com/u/ABDALLAH564645,,,NaT,,,,,,,,,,,,,,,,no_html,,0.0,,NaT
368,https://mostaql.com/u/Abdelraouf_ALL,,,NaT,,,,,,,,,,,,,,,,no_html,,0.0,,NaT
369,https://mostaql.com/u/Fady_Esam_Dev,,,NaT,,,,,,,,,,,,,,,,no_html,,0.0,,NaT
370,https://mostaql.com/u/Designerhayet,,,NaT,,,,,,,,,,,,,,,,no_html,,0.0,,NaT
371,https://mostaql.com/u/AymanWeb,,,NaT,,,,,,,,,,,,,,,,no_html,,0.0,,NaT
372,https://mostaql.com/u/Mohameddrgham3,,,NaT,,,,,,,,,,,,,,,,no_html,,0.0,,NaT
373,https://mostaql.com/u/farah_hatem,,,NaT,,,,,,,,,,,,,,,,no_html,,0.0,,NaT
374,https://mostaql.com/u/abdallah_ashour,,,NaT,,,,,,,,,,,,,,,,no_html,,0.0,,NaT
375,https://mostaql.com/u/Designer_Qasem,,,NaT,,,,,,,,,,,,,,,,no_html,,0.0,,NaT
376,https://mostaql.com/u/Kabashi_Gasim,,,NaT,,,,,,,,,,,,,,,,no_html,,0.0,,NaT
377,https://mostaql.com/u/Abdalla_3,,,NaT,,,,,,,,,,,,,,,,no_html,,0.0,,NaT
378,https://mostaql.com/u/Shyma_zen,,,NaT,,,,,,,,,,,,,,,,no_html,,0.0,,NaT
379,https://mostaql.com/u/Almoataz_Gad,,,NaT,,,,,,,,,,,,,,,,no_html,,0.0,,NaT
380,https://mostaql.com/u/HieHmy,,,NaT,,,,,,,,,,,,,,,,no_html,,0.0,,NaT
381,https://mostaql.com/u/Mustafa_hijazi,,,NaT,,,,,,,,,,,,,,,,no_html,,0.0,,NaT
382,https://mostaql.com/u/walid_abdo15,,,NaT,,,,,,,,,,,,,,,,no_html,,0.0,,NaT
383,https://mostaql.com/u/eng_rafea91,,,NaT,,,,,,,,,,,,,,,,no_html,,0.0,,NaT
384,https://mostaql.com/u/hagarAbdulRahim,,,NaT,,,,,,,,,,,,,,,,no_html,,0.0,,NaT
385,https://mostaql.com/u/Ahmedalbokhary,,,NaT,,,,,,,,,,,,,,,,no_html,,0.0,,NaT
386,https://mostaql.com/u/Mo_Abdelhamed,,,NaT,,,,,,,,,,,,,,,,no_html,,0.0,,NaT
387,https://mostaql.com/u/ahmed_mahmoud_e,,,NaT,,,,,,,,,,,,,,,,no_html,,0.0,,NaT
388,https://mostaql.com/u/jasmen_mohamed,,,NaT,,,,,,,,,,,,,,,,no_html,,0.0,,NaT
389,https://mostaql.com/u/abdelmoniem27,,,NaT,,,,,,,,,,,,,,,,no_html,,0.0,,NaT
390,https://mostaql.com/u/SOFYANE_ACORIY,,,NaT,,,,,,,,,,,,,,,,no_html,,0.0,,NaT
391,https://mostaql.com/u/Mohamed_Moawad1,,,NaT,,,,,,,,,,,,,,,,no_html,,0.0,,NaT
392,https://mostaql.com/u/mohamedramy11,,,NaT,,,,,,,,,,,,,,,,no_html,,0.0,,NaT
393,https://mostaql.com/u/Khaled_Nagi,,,NaT,,,,,,,,,,,,,,,,no_html,,0.0,,NaT
394,https://mostaql.com/u/Karim_Hossam,,,NaT,,,,,,,,,,,,,,,,no_html,,0.0,,NaT
395,https://mostaql.com/u/RAMI_ABUSAMRA,,,NaT,,,,,,,,,,,,,,,,no_html,,0.0,,NaT
396,https://mostaql.com/u/anas_n_ahmed,,,NaT,,,,,,,,,,,,,,,,no_html,,0.0,,NaT
397,https://mostaql.com/u/shaza_hamdy011,,,NaT,,,,,,,,,,,,,,,,no_html,,0.0,,NaT
398,https://mostaql.com/u/Abady_7,,,NaT,,,,,,,,,,,,,,,,no_html,,0.0,,NaT
399,https://mostaql.com/u/AbdulrhmanMoha,,,NaT,,,,,,,,,,,,,,,,no_html,,0.0,,NaT
400,https://mostaql.com/u/Amira_Abdelkawi,,,NaT,,,,,,,,,,,,,,,,no_html,,0.0,,NaT
401,https://mostaql.com/u/mohamed_al5per,,,NaT,,,,,,,,,,,,,,,,no_html,,0.0,,NaT
402,https://mostaql.com/u/TamerZanaty,,,NaT,,,,,,,,,,,,,,,,no_html,,0.0,,NaT
403,https://mostaql.com/u/MINA_SOBHEY,,,NaT,,,,,,,,,,,,,,,,no_html,,0.0,,NaT
404,https://mostaql.com/u/NoureddineLd07,,,NaT,,,,,,,,,,,,,,,,no_html,,0.0,,NaT
405,https://mostaql.com/u/Yas_Design24,,,NaT,,,,,,,,,,,,,,,,no_html,,0.0,,NaT
406,https://mostaql.com/u/Anas_Timraz,,,NaT,,,,,,,,,,,,,,,,no_html,,0.0,,NaT
407,https://mostaql.com/u/Abdallaagamey,,,NaT,,,,,,,,,,,,,,,,no_html,,0.0,,NaT
408,https://mostaql.com/u/wasemaljundy,,,NaT,,,,,,,,,,,,,,,,no_html,,0.0,,NaT
409,https://mostaql.com/u/alasd5,,,NaT,,,,,,,,,,,,,,,,no_html,,0.0,,NaT
410,https://mostaql.com/u/Mahmuod_AboZed,,,NaT,,,,,,,,,,,,,,,,no_html,,0.0,,NaT
411,https://mostaql.com/u/MMgassar,,,NaT,,,,,,,,,,,,,,,,no_html,,0.0,,NaT
412,https://mostaql.com/u/Shublaq,,,NaT,,,,,,,,,,,,,,,,no_html,,0.0,,NaT
413,https://mostaql.com/u/hossam2512es,,,NaT,,,,,,,,,,,,,,,,no_html,,0.0,,NaT
414,https://mostaql.com/u/ahmedfawzy25,,,NaT,,,,,,,,,,,,,,,,no_html,,0.0,,NaT
415,https://mostaql.com/u/yahya_alkashf,,,NaT,,,,,,,,,,,,,,,,no_html,,0.0,,NaT
416,https://mostaql.com/u/Mohammad_Kamoud,,,NaT,,,,,,,,,,,,,,,,no_html,,0.0,,NaT
417,https://mostaql.com/u/QasemLouz,,,NaT,,,,,,,,,,,,,,,,no_html,,0.0,,NaT
418,https://mostaql.com/u/FatmaAli_123,,,NaT,,,,,,,,,,,,,,,,no_html,,0.0,,NaT
419,https://mostaql.com/u/Mark_Nashat,,,NaT,,,,,,,,,,,,,,,,no_html,,0.0,,NaT
420,https://mostaql.com/u/Othman_Hamada,,,NaT,,,,,,,,,,,,,,,,no_html,,0.0,,NaT
421,https://mostaql.com/u/ElGazery_00,,,NaT,,,,,,,,,,,,,,,,no_html,,0.0,,NaT
422,https://mostaql.com/u/Dania_ABED,,,NaT,,,,,,,,,,,,,,,,no_html,,0.0,,NaT
423,https://mostaql.com/u/Ossamaelgamal_9,,,NaT,,,,,,,,,,,,,,,,no_html,,0.0,,NaT
424,https://mostaql.com/u/mohamedesam222,,,NaT,,,,,,,,,,,,,,,,no_html,,0.0,,NaT
425,https://mostaql.com/u/shabanmagdy,,,NaT,,,,,,,,,,,,,,,,no_html,,0.0,,NaT
426,https://mostaql.com/u/AmrAdi,,,NaT,,,,,,,,,,,,,,,,no_html,,0.0,,NaT
427,https://mostaql.com/u/ahmed_hoany,,,NaT,,,,,,,,,,,,,,,,no_html,,0.0,,NaT
428,https://mostaql.com/u/mh226,,,NaT,,,,,,,,,,,,,,,,no_html,,0.0,,NaT
429,https://mostaql.com/u/alico158,,,NaT,,,,,,,,,,,,,,,,no_html,,0.0,,NaT
430,https://mostaql.com/u/abood_zanin,,,NaT,,,,,,,,,,,,,,,,no_html,,0.0,,NaT
431,https://mostaql.com/u/Afra_Solemann,,,NaT,,,,,,,,,,,,,,,,no_html,,0.0,,NaT
432,https://mostaql.com/u/sekaman70,,,NaT,,,,,,,,,,,,,,,,no_html,,0.0,,NaT
433,https://mostaql.com/u/SamuelKhalaf,,,NaT,,,,,,,,,,,,,,,,no_html,,0.0,,NaT
434,https://mostaql.com/u/ibrahim_khaled2,,,NaT,,,,,,,,,,,,,,,,no_html,,0.0,,NaT
435,https://mostaql.com/u/Sarah_Shahid,,,NaT,,,,,,,,,,,,,,,,no_html,,0.0,,NaT
436,https://mostaql.com/u/Hesham_Adel98,,,NaT,,,,,,,,,,,,,,,,no_html,,0.0,,NaT
437,https://mostaql.com/u/AhmadSayyad,,,NaT,,,,,,,,,,,,,,,,no_html,,0.0,,NaT
438,https://mostaql.com/u/bmask2020,,,NaT,,,,,,,,,,,,,,,,no_html,,0.0,,NaT
439,https://mostaql.com/u/Osama_M_Dasoqi,,,NaT,,,,,,,,,,,,,,,,no_html,,0.0,,NaT
440,https://mostaql.com/u/Ahmed_Khalaf_97,,,NaT,,,,,,,,,,,,,,,,no_html,,0.0,,NaT
441,https://mostaql.com/u/Abeer_99,,,NaT,,,,,,,,,,,,,,,,no_html,,0.0,,NaT
442,https://mostaql.com/u/MAHMOOD_ASWANY,,,NaT,,,,,,,,,,,,,,,,no_html,,0.0,,NaT
443,https://mostaql.com/u/MohamedKhattab7,,,NaT,,,,,,,,,,,,,,,,no_html,,0.0,,NaT
444,https://mostaql.com/u/hazem165,,,NaT,,,,,,,,,,,,,,,,no_html,,0.0,,NaT
445,https://mostaql.com/u/ahmed_kamal414,,,NaT,,,,,,,,,,,,,,,,no_html,,0.0,,NaT
446,https://mostaql.com/u/WasimeEagel,,,NaT,,,,,,,,,,,,,,,,no_html,,0.0,,NaT
447,https://mostaql.com/u/BasselALKHATIB,,,NaT,,,,,,,,,,,,,,,,no_html,,0.0,,NaT
448,https://mostaql.com/u/DevKhamis,,,NaT,,,,,,,,,,,,,,,,no_html,,0.0,,NaT
449,https://mostaql.com/u/TITOUS,,,NaT,,,,,,,,,,,,,,,,no_html,,0.0,,NaT
450,https://mostaql.com/u/Dehina,,,NaT,,,,,,,,,,,,,,,,no_html,,0.0,,NaT
451,https://mostaql.com/u/shible_atef,,,NaT,,,,,,,,,,,,,,,,no_html,,0.0,,NaT
452,https://mostaql.com/u/moham312,,,NaT,,,,,,,,,,,,,,,,no_html,,0.0,,NaT
453,https://mostaql.com/u/mothanna_mnsor,,,NaT,,,,,,,,,,,,,,,,no_html,,0.0,,NaT
454,https://mostaql.com/u/mohameed_kamal1,,,NaT,,,,,,,,,,,,,,,,no_html,,0.0,,NaT
455,https://mostaql.com/u/ibrahimmubarak0,,,NaT,,,,,,,,,,,,,,,,no_html,,0.0,,NaT
456,https://mostaql.com/u/r00tbug,,,NaT,,,,,,,,,,,,,,,,no_html,,0.0,,NaT
457,https://mostaql.com/u/amrmuhamed86,,,NaT,,,,,,,,,,,,,,,,no_html,,0.0,,NaT
458,https://mostaql.com/u/hebaezzat2026,,,NaT,,,,,,,,,,,,,,,,no_html,,0.0,,NaT
459,https://mostaql.com/u/AmaniMash,,,NaT,,,,,,,,,,,,,,,,no_html,,0.0,,NaT
460,https://mostaql.com/u/Alissarzd7,,,NaT,,,,,,,,,,,,,,,,no_html,,0.0,,NaT
461,https://mostaql.com/u/ahmad_wadi,,,NaT,,,,,,,,,,,,,,,,no_html,,0.0,,NaT
462,https://mostaql.com/u/Habiba_212,,,NaT,,,,,,,,,,,,,,,,no_html,,0.0,,NaT
463,https://mostaql.com/u/Eslam_Kamal1,,,NaT,,,,,,,,,,,,,,,,no_html,,0.0,,NaT
464,https://mostaql.com/u/amrkhaled74,,,NaT,,,,,,,,,,,,,,,,no_html,,0.0,,NaT
465,https://mostaql.com/u/mazen_seif,,,NaT,,,,,,,,,,,,,,,,no_html,,0.0,,NaT
466,https://mostaql.com/u/Mohamed_Fayez,,,NaT,,,,,,,,,,,,,,,,no_html,,0.0,,NaT
467,https://mostaql.com/u/Matteus_Sawirus,,,NaT,,,,,,,,,,,,,,,,no_html,,0.0,,NaT
468,https://mostaql.com/u/useif_mhmd,,,NaT,,,,,,,,,,,,,,,,no_html,,0.0,,NaT
469,https://mostaql.com/u/wail1964,,,NaT,,,,,,,,,,,,,,,,no_html,,0.0,,NaT
470,https://mostaql.com/u/Ahmed_Sileem,,,NaT,,,,,,,,,,,,,,,,no_html,,0.0,,NaT
471,https://mostaql.com/u/ShadyAzzam,,,NaT,,,,,,,,,,,,,,,,no_html,,0.0,,NaT
472,https://mostaql.com/u/zobirofkir,,,NaT,,,,,,,,,,,,,,,,no_html,,0.0,,NaT
473,https://mostaql.com/u/EngAhmedmaher,,,NaT,,,,,,,,,,,,,,,,no_html,,0.0,,NaT
474,https://mostaql.com/u/wesamou,,,NaT,,,,,,,,,,,,,,,,no_html,,0.0,,NaT
475,https://mostaql.com/u/seham_alsharief,,,NaT,,,,,,,,,,,,,,,,no_html,,0.0,,NaT
476,https://mostaql.com/u/Kerolos_Hany,,,NaT,,,,,,,,,,,,,,,,no_html,,0.0,,NaT
477,https://mostaql.com/u/ahmed_mohamed17,,,NaT,,,,,,,,,,,,,,,,no_html,,0.0,,NaT
478,https://mostaql.com/u/moneam_show,,,NaT,,,,,,,,,,,,,,,,no_html,,0.0,,NaT
479,https://mostaql.com/u/AhmedALShanty,,,NaT,,,,,,,,,,,,,,,,no_html,,0.0,,NaT
480,https://mostaql.com/u/Almuhammadi,,,NaT,,,,,,,,,,,,,,,,no_html,,0.0,,NaT
481,https://mostaql.com/u/karrar20,,,NaT,,,,,,,,,,,,,,,,no_html,,0.0,,NaT
482,https://mostaql.com/u/raufah_hamad,,,NaT,,,,,,,,,,,,,,,,no_html,,0.0,,NaT
483,https://mostaql.com/u/luffy353,,,NaT,,,,,,,,,,,,,,,,no_html,,0.0,,NaT
484,https://mostaql.com/u/ramyibrahimeg,,,NaT,,,,,,,,,,,,,,,,no_html,,0.0,,NaT
485,https://mostaql.com/u/drmohamed89,,,NaT,,,,,,,,,,,,,,,,no_html,,0.0,,NaT
486,https://mostaql.com/u/khalid_bakhit,,,NaT,,,,,,,,,,,,,,,,no_html,,0.0,,NaT
487,https://mostaql.com/u/Nada_aboelenin,,,NaT,,,,,,,,,,,,,,,,no_html,,0.0,,NaT
488,https://mostaql.com/u/Yousef_Elshe,,,NaT,,,,,,,,,,,,,,,,no_html,,0.0,,NaT
489,https://mostaql.com/u/mahmoud_talaat9,,,NaT,,,,,,,,,,,,,,,,no_html,,0.0,,NaT
490,https://mostaql.com/u/hossama_gamal1,,,NaT,,,,,,,,,,,,,,,,no_html,,0.0,,NaT
491,https://mostaql.com/u/salahalotbi,,,NaT,,,,,,,,,,,,,,,,no_html,,0.0,,NaT
492,https://mostaql.com/u/Omar939,,,NaT,,,,,,,,,,,,,,,,no_html,,0.0,,NaT
493,https://mostaql.com/u/sahar_eltibi,,,NaT,,,,,,,,,,,,,,,,no_html,,0.0,,NaT
494,https://mostaql.com/u/bahaamoqayad17,,,NaT,,,,,,,,,,,,,,,,no_html,,0.0,,NaT
495,https://mostaql.com/u/AhmedYasser5,,,NaT,,,,,,,,,,,,,,,,no_html,,0.0,,NaT
496,https://mostaql.com/u/RawanAhmed266,,,NaT,,,,,,,,,,,,,,,,no_html,,0.0,,NaT
497,https://mostaql.com/u/mahmoodelsayed,,,NaT,,,,,,,,,,,,,,,,no_html,,0.0,,NaT
498,https://mostaql.com/u/TarekMostafa1,,,NaT,,,,,,,,,,,,,,,,no_html,,0.0,,NaT
499,https://mostaql.com/u/WissamAcademy,,,NaT,,,,,,,,,,,,,,,,no_html,,0.0,,NaT
500,https://mostaql.com/u/Kareem_pro,,,NaT,,,,,,,,,,,,,,,,no_html,,0.0,,NaT
501,https://mostaql.com/u/Aladdin_21,,,NaT,,,,,,,,,,,,,,,,no_html,,0.0,,NaT
502,https://mostaql.com/u/Abdo_Emad23,,,NaT,,,,,,,,,,,,,,,,no_html,,0.0,,NaT
503,https://mostaql.com/u/Moaz_16,,,NaT,,,,,,,,,,,,,,,,no_html,,0.0,,NaT
504,https://mostaql.com/u/accmohammed97,,,NaT,,,,,,,,,,,,,,,,no_html,,0.0,,NaT
505,https://mostaql.com/u/Mostafa_Amaan,,,NaT,,,,,,,,,,,,,,,,no_html,,0.0,,NaT
506,https://mostaql.com/u/Abduhaye_Joban,,,NaT,,,,,,,,,,,,,,,,no_html,,0.0,,NaT
507,https://mostaql.com/u/fakhry_alnafar,,,NaT,,,,,,,,,,,,,,,,no_html,,0.0,,NaT
508,https://mostaql.com/u/sanaawafa,,,NaT,,,,,,,,,,,,,,,,no_html,,0.0,,NaT
509,https://mostaql.com/u/abdelhamid_dahi,,,NaT,,,,,,,,,,,,,,,,no_html,,0.0,,NaT
510,https://mostaql.com/u/youssef_hanyyy,,,NaT,,,,,,,,,,,,,,,,no_html,,0.0,,NaT
511,https://mostaql.com/u/alisowar,,,NaT,,,,,,,,,,,,,,,,no_html,,0.0,,NaT
512,https://mostaql.com/u/Ghaly707,,,NaT,,,,,,,,,,,,,,,,no_html,,0.0,,NaT
513,https://mostaql.com/u/hassiba1996,,,NaT,,,,,,,,,,,,,,,,no_html,,0.0,,NaT
514,https://mostaql.com/u/sharif_alagha,,,NaT,,,,,,,,,,,,,,,,no_html,,0.0,,NaT
515,https://mostaql.com/u/abdelrahman1305,,,NaT,,,,,,,,,,,,,,,,no_html,,0.0,,NaT
516,https://mostaql.com/u/mohmd2002,,,NaT,,,,,,,,,,,,,,,,no_html,,0.0,,NaT
517,https://mostaql.com/u/AnsamMob,,,NaT,,,,,,,,,,,,,,,,no_html,,0.0,,NaT
518,https://mostaql.com/u/mijadeya,,,NaT,,,,,,,,,,,,,,,,no_html,,0.0,,NaT
519,https://mostaql.com/u/Dinaismail,,,NaT,,,,,,,,,,,,,,,,no_html,,0.0,,NaT
520,https://mostaql.com/u/Dalia_Ad_Nassar,,,NaT,,,,,,,,,,,,,,,,no_html,,0.0,,NaT
521,https://mostaql.com/u/alilaniyassine,,,NaT,,,,,,,,,,,,,,,,no_html,,0.0,,NaT
522,https://mostaql.com/u/Mohamed_Hany141,,,NaT,,,,,,,,,,,,,,,,no_html,,0.0,,NaT
523,https://mostaql.com/u/Bahaa_Ali,,,NaT,,,,,,,,,,,,,,,,no_html,,0.0,,NaT
524,https://mostaql.com/u/mohammed35252,,,NaT,,,,,,,,,,,,,,,,no_html,,0.0,,NaT
525,https://mostaql.com/u/WaelDardar,,,NaT,,,,,,,,,,,,,,,,no_html,,0.0,,NaT
526,https://mostaql.com/u/Abdullah241,,,NaT,,,,,,,,,,,,,,,,no_html,,0.0,,NaT
527,https://mostaql.com/u/osamaheles12345,,,NaT,,,,,,,,,,,,,,,,no_html,,0.0,,NaT
528,https://mostaql.com/u/HanyMasoud19,,,NaT,,,,,,,,,,,,,,,,no_html,,0.0,,NaT
529,https://mostaql.com/u/Almohand,,,NaT,,,,,,,,,,,,,,,,no_html,,0.0,,NaT
530,https://mostaql.com/u/yusufgfx,,,NaT,,,,,,,,,,,,,,,,no_html,,0.0,,NaT
531,https://mostaql.com/u/mohamed_rouisse,,,NaT,,,,,,,,,,,,,,,,no_html,,0.0,,NaT
532,https://mostaql.com/u/AbdelrahmanR_11,,,NaT,,,,,,,,,,,,,,,,no_html,,0.0,,NaT
533,https://mostaql.com/u/elabd10,,,NaT,,,,,,,,,,,,,,,,no_html,,0.0,,NaT
534,https://mostaql.com/u/MuhammedSamy66,,,NaT,,,,,,,,,,,,,,,,no_html,,0.0,,NaT
535,https://mostaql.com/u/AyaAlSaifi,,,NaT,,,,,,,,,,,,,,,,no_html,,0.0,,NaT
536,https://mostaql.com/u/AhmedMahdy88,,,NaT,,,,,,,,,,,,,,,,no_html,,0.0,,NaT
537,https://mostaql.com/u/KHgraphics,,,NaT,,,,,,,,,,,,,,,,no_html,,0.0,,NaT
538,https://mostaql.com/u/jahoory,,,NaT,,,,,,,,,,,,,,,,no_html,,0.0,,NaT
539,https://mostaql.com/u/Omneya_Khair,,,NaT,,,,,,,,,,,,,,,,no_html,,0.0,,NaT
540,https://mostaql.com/u/Y0usef_Alsh0ni,,,NaT,,,,,,,,,,,,,,,,no_html,,0.0,,NaT
541,https://mostaql.com/u/nahednagah,,,NaT,,,,,,,,,,,,,,,,no_html,,0.0,,NaT
542,https://mostaql.com/u/Mai_easa,,,NaT,,,,,,,,,,,,,,,,no_html,,0.0,,NaT
543,https://mostaql.com/u/ismailaamassi,,,NaT,,,,,,,,,,,,,,,,no_html,,0.0,,NaT
544,https://mostaql.com/u/loaib,,,NaT,,,,,,,,,,,,,,,,no_html,,0.0,,NaT
545,https://mostaql.com/u/basmahmousaa,,,NaT,,,,,,,,,,,,,,,,no_html,,0.0,,NaT
546,https://mostaql.com/u/omar_zakarneh,,,NaT,,,,,,,,,,,,,,,,no_html,,0.0,,NaT
547,https://mostaql.com/u/Mahmoud_Abo3li,,,NaT,,,,,,,,,,,,,,,,no_html,,0.0,,NaT
548,https://mostaql.com/u/kingbeshoy,,,NaT,,,,,,,,,,,,,,,,no_html,,0.0,,NaT
549,https://mostaql.com/u/EladlyDev,,,NaT,,,,,,,,,,,,,,,,no_html,,0.0,,NaT
550,https://mostaql.com/u/mtotarekmto,,,NaT,,,,,,,,,,,,,,,,no_html,,0.0,,NaT
551,https://mostaql.com/u/Samah_Jibreel,,,NaT,,,,,,,,,,,,,,,,no_html,,0.0,,NaT
552,https://mostaql.com/u/nour10321,,,NaT,,,,,,,,,,,,,,,,no_html,,0.0,,NaT
553,https://mostaql.com/u/Razat,,,NaT,,,,,,,,,,,,,,,,no_html,,0.0,,NaT
554,https://mostaql.com/u/Abdelrahman_005,,,NaT,,,,,,,,,,,,,,,,no_html,,0.0,,NaT
555,https://mostaql.com/u/razex,,,NaT,,,,,,,,,,,,,,,,no_html,,0.0,,NaT
556,https://mostaql.com/u/MennaFayz95,,,NaT,,,,,,,,,,,,,,,,no_html,,0.0,,NaT
557,https://mostaql.com/u/Alaa_Tantawy,,,NaT,,,,,,,,,,,,,,,,no_html,,0.0,,NaT
558,https://mostaql.com/u/Ahmedzamel,,,NaT,,,,,,,,,,,,,,,,no_html,,0.0,,NaT
559,https://mostaql.com/u/Arc_Amgad,,,NaT,,,,,,,,,,,,,,,,no_html,,0.0,,NaT
560,https://mostaql.com/u/Ahmed_halabi,,,NaT,,,,,,,,,,,,,,,,no_html,,0.0,,NaT
561,https://mostaql.com/u/ABDALAHIBRAHIM,,,NaT,,,,,,,,,,,,,,,,no_html,,0.0,,NaT
562,https://mostaql.com/u/mahmo,,,NaT,,,,,,,,,,,,,,,,no_html,,0.0,,NaT
563,https://mostaql.com/u/rashad_designs,,,NaT,,,,,,,,,,,,,,,,no_html,,0.0,,NaT
564,https://mostaql.com/u/bashar_darwish,,,NaT,,,,,,,,,,,,,,,,no_html,,0.0,,NaT
565,https://mostaql.com/u/dalia_rafaat,,,NaT,,,,,,,,,,,,,,,,no_html,,0.0,,NaT
566,https://mostaql.com/u/fareshosamarafa,,,NaT,,,,,,,,,,,,,,,,no_html,,0.0,,NaT
567,https://mostaql.com/u/Muhamed_Shata,,,NaT,,,,,,,,,,,,,,,,no_html,,0.0,,NaT
568,https://mostaql.com/u/ammaralorabi,,,NaT,,,,,,,,,,,,,,,,no_html,,0.0,,NaT
569,https://mostaql.com/u/Oussama_1987,,,NaT,,,,,,,,,,,,,,,,no_html,,0.0,,NaT
570,https://mostaql.com/u/waliddamou,,,NaT,,,,,,,,,,,,,,,,no_html,,0.0,,NaT
571,https://mostaql.com/u/mohammed3mora,,,NaT,,,,,,,,,,,,,,,,no_html,,0.0,,NaT
572,https://mostaql.com/u/Dima_Majed,,,NaT,,,,,,,,,,,,,,,,no_html,,0.0,,NaT
573,https://mostaql.com/u/yousef_gamall,,,NaT,,,,,,,,,,,,,,,,no_html,,0.0,,NaT
574,https://mostaql.com/u/Zaynab_24,,,NaT,,,,,,,,,,,,,,,,no_html,,0.0,,NaT
575,https://mostaql.com/u/DoaaRashed,,,NaT,,,,,,,,,,,,,,,,no_html,,0.0,,NaT
576,https://mostaql.com/u/ameur1812,,,NaT,,,,,,,,,,,,,,,,no_html,,0.0,,NaT
577,https://mostaql.com/u/Mohammed_Gomah,,,NaT,,,,,,,,,,,,,,,,no_html,,0.0,,NaT
578,https://mostaql.com/u/suhilla,,,NaT,,,,,,,,,,,,,,,,no_html,,0.0,,NaT
579,https://mostaql.com/u/Noora_waleed,,,NaT,,,,,,,,,,,,,,,,no_html,,0.0,,NaT
580,https://mostaql.com/u/DESENF,,,NaT,,,,,,,,,,,,,,,,no_html,,0.0,,NaT
581,https://mostaql.com/u/Mohsen_Ona,,,NaT,,,,,,,,,,,,,,,,no_html,,0.0,,NaT
582,https://mostaql.com/u/ahmed10Habboush,,,NaT,,,,,,,,,,,,,,,,no_html,,0.0,,NaT
583,https://mostaql.com/u/anasalnjjar,,,NaT,,,,,,,,,,,,,,,,no_html,,0.0,,NaT
584,https://mostaql.com/u/sami444787,,,NaT,,,,,,,,,,,,,,,,no_html,,0.0,,NaT
585,https://mostaql.com/u/Mohammed__Said,,,NaT,,,,,,,,,,,,,,,,no_html,,0.0,,NaT
586,https://mostaql.com/u/MAGDINUO,,,NaT,,,,,,,,,,,,,,,,no_html,,0.0,,NaT
587,https://mostaql.com/u/mohdmagdy98,,,NaT,,,,,,,,,,,,,,,,no_html,,0.0,,NaT
588,https://mostaql.com/u/fadir,,,NaT,,,,,,,,,,,,,,,,no_html,,0.0,,NaT
589,https://mostaql.com/u/Mohamed_Saied_4,,,NaT,,,,,,,,,,,,,,,,no_html,,0.0,,NaT
590,https://mostaql.com/u/Alisaad13,,,NaT,,,,,,,,,,,,,,,,no_html,,0.0,,NaT
591,https://mostaql.com/u/nadataha178,,,NaT,,,,,,,,,,,,,,,,no_html,,0.0,,NaT
592,https://mostaql.com/u/MonzerMo,,,NaT,,,,,,,,,,,,,,,,no_html,,0.0,,NaT
593,https://mostaql.com/u/taghreed_12,,,NaT,,,,,,,,,,,,,,,,no_html,,0.0,,NaT
594,https://mostaql.com/u/mahmoudsabet,,,NaT,,,,,,,,,,,,,,,,no_html,,0.0,,NaT
595,https://mostaql.com/u/Omar_ayman_17,,,NaT,,,,,,,,,,,,,,,,no_html,,0.0,,NaT
596,https://mostaql.com/u/Mariam_Abida,,,NaT,,,,,,,,,,,,,,,,no_html,,0.0,,NaT
597,https://mostaql.com/u/adeldev93,,,NaT,,,,,,,,,,,,,,,,no_html,,0.0,,NaT
598,https://mostaql.com/u/stevesy,,,NaT,,,,,,,,,,,,,,,,no_html,,0.0,,NaT
599,https://mostaql.com/u/mostafa1981,,,NaT,,,,,,,,,,,,,,,,no_html,,0.0,,NaT
600,https://mostaql.com/u/Zozzaa,,,NaT,,,,,,,,,,,,,,,,no_html,,0.0,,NaT
601,https://mostaql.com/u/8Yehiabedawi,,,NaT,,,,,,,,,,,,,,,,no_html,,0.0,,NaT
602,https://mostaql.com/u/raamaadan,,,NaT,,,,,,,,,,,,,,,,no_html,,0.0,,NaT
603,https://mostaql.com/u/amrshaltout,,,NaT,,,,,,,,,,,,,,,,no_html,,0.0,,NaT
604,https://mostaql.com/u/Alshony4,,,NaT,,,,,,,,,,,,,,,,no_html,,0.0,,NaT
605,https://mostaql.com/u/MahmoudNagar,,,NaT,,,,,,,,,,,,,,,,no_html,,0.0,,NaT
606,https://mostaql.com/u/Mohamed_Abusayd,,,NaT,,,,,,,,,,,,,,,,no_html,,0.0,,NaT
607,https://mostaql.com/u/flutter11,,,NaT,,,,,,,,,,,,,,,,no_html,,0.0,,NaT
608,https://mostaql.com/u/SalmaHady11,,,NaT,,,,,,,,,,,,,,,,no_html,,0.0,,NaT
609,https://mostaql.com/u/AbdoHashem,,,NaT,,,,,,,,,,,,,,,,no_html,,0.0,,NaT
610,https://mostaql.com/u/Eslam_eltalwy,,,NaT,,,,,,,,,,,,,,,,no_html,,0.0,,NaT
611,https://mostaql.com/u/ANDREWSAFWAT29,,,NaT,,,,,,,,,,,,,,,,no_html,,0.0,,NaT
612,https://mostaql.com/u/aalhaddad100,,,NaT,,,,,,,,,,,,,,,,no_html,,0.0,,NaT
613,https://mostaql.com/u/mohamedmashhor,,,NaT,,,,,,,,,,,,,,,,no_html,,0.0,,NaT
614,https://mostaql.com/u/ElgendyMahmoud,,,NaT,,,,,,,,,,,,,,,,no_html,,0.0,,NaT
615,https://mostaql.com/u/Naji_Atwa,,,NaT,,,,,,,,,,,,,,,,no_html,,0.0,,NaT
616,https://mostaql.com/u/Ossama_9310,,,NaT,,,,,,,,,,,,,,,,no_html,,0.0,,NaT
617,https://mostaql.com/u/AhmedNashaat,,,NaT,,,,,,,,,,,,,,,,no_html,,0.0,,NaT
618,https://mostaql.com/u/MarkosAwny777,,,NaT,,,,,,,,,,,,,,,,no_html,,0.0,,NaT
619,https://mostaql.com/u/Mohamed_Walid_1,,,NaT,,,,,,,,,,,,,,,,no_html,,0.0,,NaT
620,https://mostaql.com/u/ali_daif95,,,NaT,,,,,,,,,,,,,,,,no_html,,0.0,,NaT
621,https://mostaql.com/u/mohammed_Wahba,,,NaT,,,,,,,,,,,,,,,,no_html,,0.0,,NaT
622,https://mostaql.com/u/MohamedHas207,,,NaT,,,,,,,,,,,,,,,,no_html,,0.0,,NaT
623,https://mostaql.com/u/BasharHerzallah,,,NaT,,,,,,,,,,,,,,,,no_html,,0.0,,NaT
624,https://mostaql.com/u/sayed_mostafa1,,,NaT,,,,,,,,,,,,,,,,no_html,,0.0,,NaT
625,https://mostaql.com/u/hadeel_saleh,,,NaT,,,,,,,,,,,,,,,,no_html,,0.0,,NaT
626,https://mostaql.com/u/Muhammad1994,,,NaT,,,,,,,,,,,,,,,,no_html,,0.0,,NaT
627,https://mostaql.com/u/Ailee,,,NaT,,,,,,,,,,,,,,,,no_html,,0.0,,NaT
628,https://mostaql.com/u/Mohammed_Nasr27,,,NaT,,,,,,,,,,,,,,,,no_html,,0.0,,NaT
629,https://mostaql.com/u/wesam_elsaid7,,,NaT,,,,,,,,,,,,,,,,no_html,,0.0,,NaT
630,https://mostaql.com/u/essam4,,,NaT,,,,,,,,,,,,,,,,no_html,,0.0,,NaT
631,https://mostaql.com/u/Mohamedkamal253,,,NaT,,,,,,,,,,,,,,,,no_html,,0.0,,NaT
632,https://mostaql.com/u/Tayseer_hosino,,,NaT,,,,,,,,,,,,,,,,no_html,,0.0,,NaT
633,https://mostaql.com/u/Radwan_7,,,NaT,,,,,,,,,,,,,,,,no_html,,0.0,,NaT
634,https://mostaql.com/u/Mohammed95ch,,,NaT,,,,,,,,,,,,,,,,no_html,,0.0,,NaT
635,https://mostaql.com/u/mohamedhusein66,,,NaT,,,,,,,,,,,,,,,,no_html,,0.0,,NaT
636,https://mostaql.com/u/Ahmed_gamal1990,,,NaT,,,,,,,,,,,,,,,,no_html,,0.0,,NaT
637,https://mostaql.com/u/Mostafa_sabry_2,,,NaT,,,,,,,,,,,,,,,,no_html,,0.0,,NaT
638,https://mostaql.com/u/amr_nabil24,,,NaT,,,,,,,,,,,,,,,,no_html,,0.0,,NaT
639,https://mostaql.com/u/abdelmaksoud97,,,NaT,,,,,,,,,,,,,,,,no_html,,0.0,,NaT
640,https://mostaql.com/u/hagerosamaa,,,NaT,,,,,,,,,,,,,,,,no_html,,0.0,,NaT
641,https://mostaql.com/u/sampoxapro,,,NaT,,,,,,,,,,,,,,,,no_html,,0.0,,NaT
642,https://mostaql.com/u/moatasemissa,,,NaT,,,,,,,,,,,,,,,,no_html,,0.0,,NaT
643,https://mostaql.com/u/Emyalzh1,,,NaT,,,,,,,,,,,,,,,,no_html,,0.0,,NaT
644,https://mostaql.com/u/Ismail_Temraz,,,NaT,,,,,,,,,,,,,,,,no_html,,0.0,,NaT
645,https://mostaql.com/u/rahmafatthy,,,NaT,,,,,,,,,,,,,,,,no_html,,0.0,,NaT
646,https://mostaql.com/u/ahmed__kadry,,,NaT,,,,,,,,,,,,,,,,no_html,,0.0,,NaT
647,https://mostaql.com/u/HasanOmerah,,,NaT,,,,,,,,,,,,,,,,no_html,,0.0,,NaT
648,https://mostaql.com/u/Hamedabd_20,,,NaT,,,,,,,,,,,,,,,,no_html,,0.0,,NaT
649,https://mostaql.com/u/farissallam,,,NaT,,,,,,,,,,,,,,,,no_html,,0.0,,NaT
650,https://mostaql.com/u/Merna_Magdyy,,,NaT,,,,,,,,,,,,,,,,no_html,,0.0,,NaT
651,https://mostaql.com/u/Fatemah_Shawady,,,NaT,,,,,,,,,,,,,,,,no_html,,0.0,,NaT
652,https://mostaql.com/u/animationation,,,NaT,,,,,,,,,,,,,,,,no_html,,0.0,,NaT
653,https://mostaql.com/u/khartabil87,,,NaT,,,,,,,,,,,,,,,,no_html,,0.0,,NaT
654,https://mostaql.com/u/MohamedAlkafraw,,,NaT,,,,,,,,,,,,,,,,no_html,,0.0,,NaT
655,https://mostaql.com/u/mohamede22,,,NaT,,,,,,,,,,,,,,,,no_html,,0.0,,NaT
656,https://mostaql.com/u/gerges_dev,,,NaT,,,,,,,,,,,,,,,,no_html,,0.0,,NaT
657,https://mostaql.com/u/FatmaMohamed46,,,NaT,,,,,,,,,,,,,,,,no_html,,0.0,,NaT
658,https://mostaql.com/u/Omar_Hussein_13,,,NaT,,,,,,,,,,,,,,,,no_html,,0.0,,NaT
659,https://mostaql.com/u/Mina_zakaria88,,,NaT,,,,,,,,,,,,,,,,no_html,,0.0,,NaT
660,https://mostaql.com/u/glory87,,,NaT,,,,,,,,,,,,,,,,no_html,,0.0,,NaT
661,https://mostaql.com/u/heshambadr2023,,,NaT,,,,,,,,,,,,,,,,no_html,,0.0,,NaT
662,https://mostaql.com/u/translatelover,,,NaT,,,,,,,,,,,,,,,,no_html,,0.0,,NaT
663,https://mostaql.com/u/Eslam__m0hamed,,,NaT,,,,,,,,,,,,,,,,no_html,,0.0,,NaT
664,https://mostaql.com/u/Ahmdj14,,,NaT,,,,,,,,,,,,,,,,no_html,,0.0,,NaT
665,https://mostaql.com/u/Adham_Reda,,,NaT,,,,,,,,,,,,,,,,no_html,,0.0,,NaT
666,https://mostaql.com/u/Marwa_khaled94,,,NaT,,,,,,,,,,,,,,,,no_html,,0.0,,NaT
667,https://mostaql.com/u/Abddemiaty,,,NaT,,,,,,,,,,,,,,,,no_html,,0.0,,NaT
668,https://mostaql.com/u/Youssef_Amhil,,,NaT,,,,,,,,,,,,,,,,no_html,,0.0,,NaT
669,https://mostaql.com/u/Moha25005,,,NaT,,,,,,,,,,,,,,,,no_html,,0.0,,NaT
670,https://mostaql.com/u/Malak_Magdy1,,,NaT,,,,,,,,,,,,,,,,no_html,,0.0,,NaT
671,https://mostaql.com/u/heiiif,,,NaT,,,,,,,,,,,,,,,,no_html,,0.0,,NaT
672,https://mostaql.com/u/muhammadhabashy,,,NaT,,,,,,,,,,,,,,,,no_html,,0.0,,NaT
673,https://mostaql.com/u/Ahmed_Said0,,,NaT,,,,,,,,,,,,,,,,no_html,,0.0,,NaT
674,https://mostaql.com/u/alsoudisraa,,,NaT,,,,,,,,,,,,,,,,no_html,,0.0,,NaT
675,https://mostaql.com/u/Mahmoud_990,,,NaT,,,,,,,,,,,,,,,,no_html,,0.0,,NaT
676,https://mostaql.com/u/Ibrahimal,,,NaT,,,,,,,,,,,,,,,,no_html,,0.0,,NaT
677,https://mostaql.com/u/Esraa_Omari,,,NaT,,,,,,,,,,,,,,,,no_html,,0.0,,NaT
678,https://mostaql.com/u/ZeynabHusein,,,NaT,,,,,,,,,,,,,,,,no_html,,0.0,,NaT
679,https://mostaql.com/u/Ratalat98,,,NaT,,,,,,,,,,,,,,,,no_html,,0.0,,NaT
680,https://mostaql.com/u/Walidelsergany,,,NaT,,,,,,,,,,,,,,,,no_html,,0.0,,NaT
681,https://mostaql.com/u/mostafatarek23,,,NaT,,,,,,,,,,,,,,,,no_html,,0.0,,NaT
682,https://mostaql.com/u/MoatasemGamal,,,NaT,,,,,,,,,,,,,,,,no_html,,0.0,,NaT
683,https://mostaql.com/u/Maassamislam,,,NaT,,,,,,,,,,,,,,,,no_html,,0.0,,NaT
684,https://mostaql.com/u/asaad1988,,,NaT,,,,,,,,,,,,,,,,no_html,,0.0,,NaT
685,https://mostaql.com/u/abdo_mostafa8,,,NaT,,,,,,,,,,,,,,,,no_html,,0.0,,NaT
686,https://mostaql.com/u/ahmed_8025,,,NaT,,,,,,,,,,,,,,,,no_html,,0.0,,NaT
687,https://mostaql.com/u/Mary_Emad89,,,NaT,,,,,,,,,,,,,,,,no_html,,0.0,,NaT
688,https://mostaql.com/u/Mohammed_Lwash1,,,NaT,,,,,,,,,,,,,,,,no_html,,0.0,,NaT
689,https://mostaql.com/u/Mayar_Essam168,,,NaT,,,,,,,,,,,,,,,,no_html,,0.0,,NaT
690,https://mostaql.com/u/Ziyad_Mohamed05,,,NaT,,,,,,,,,,,,,,,,no_html,,0.0,,NaT
691,https://mostaql.com/u/NasraQasim5_15,,,NaT,,,,,,,,,,,,,,,,no_html,,0.0,,NaT
692,https://mostaql.com/u/Ali_IIsmail,,,NaT,,,,,,,,,,,,,,,,no_html,,0.0,,NaT
693,https://mostaql.com/u/Prog_Mohamed_r,,,NaT,,,,,,,,,,,,,,,,no_html,,0.0,,NaT
694,https://mostaql.com/u/E_seif,,,NaT,,,,,,,,,,,,,,,,no_html,,0.0,,NaT
695,https://mostaql.com/u/Ahmed_0984,,,NaT,,,,,,,,,,,,,,,,no_html,,0.0,,NaT
696,https://mostaql.com/u/mohaamedfaress,,,NaT,,,,,,,,,,,,,,,,no_html,,0.0,,NaT
697,https://mostaql.com/u/Khalid_98,,,NaT,,,,,,,,,,,,,,,,no_html,,0.0,,NaT
698,https://mostaql.com/u/MohammedElhag,,,NaT,,,,,,,,,,,,,,,,no_html,,0.0,,NaT
699,https://mostaql.com/u/khaledhosny333,,,NaT,,,,,,,,,,,,,,,,no_html,,0.0,,NaT
700,https://mostaql.com/u/anasemon123,,,NaT,,,,,,,,,,,,,,,,no_html,,0.0,,NaT
701,https://mostaql.com/u/Abdelezizamdy,,,NaT,,,,,,,,,,,,,,,,no_html,,0.0,,NaT
702,https://mostaql.com/u/Mnzer_050120,,,NaT,,,,,,,,,,,,,,,,no_html,,0.0,,NaT
703,https://mostaql.com/u/Abous,,,NaT,,,,,,,,,,,,,,,,no_html,,0.0,,NaT
704,https://mostaql.com/u/m0mohamed,,,NaT,,,,,,,,,,,,,,,,no_html,,0.0,,NaT
705,https://mostaql.com/u/TarekAshraf,,,NaT,,,,,,,,,,,,,,,,no_html,,0.0,,NaT
706,https://mostaql.com/u/hesham2025,,,NaT,,,,,,,,,,,,,,,,no_html,,0.0,,NaT
707,https://mostaql.com/u/jhklhkljfgfvgj,,,NaT,,,,,,,,,,,,,,,,no_html,,0.0,,NaT
708,https://mostaql.com/u/HGhurbani,,,NaT,,,,,,,,,,,,,,,,no_html,,0.0,,NaT
709,https://mostaql.com/u/duaaatia,,,NaT,,,,,,,,,,,,,,,,no_html,,0.0,,NaT
710,https://mostaql.com/u/acem25,,,NaT,,,,,,,,,,,,,,,,no_html,,0.0,,NaT
711,https://mostaql.com/u/NadaAdelAzzam,,,NaT,,,,,,,,,,,,,,,,no_html,,0.0,,NaT
712,https://mostaql.com/u/shimaa_adly,,,NaT,,,,,,,,,,,,,,,,no_html,,0.0,,NaT
713,https://mostaql.com/u/mohamed_1215,,,NaT,,,,,,,,,,,,,,,,no_html,,0.0,,NaT
714,https://mostaql.com/u/modaaa,,,NaT,,,,,,,,,,,,,,,,no_html,,0.0,,NaT
715,https://mostaql.com/u/Mohamed3499,,,NaT,,,,,,,,,,,,,,,,no_html,,0.0,,NaT
716,https://mostaql.com/u/khaled21006,,,NaT,,,,,,,,,,,,,,,,no_html,,0.0,,NaT
717,https://mostaql.com/u/fatma_saed,,,NaT,,,,,,,,,,,,,,,,no_html,,0.0,,NaT
718,https://mostaql.com/u/sihemyahiaoui,,,NaT,,,,,,,,,,,,,,,,no_html,,0.0,,NaT
719,https://mostaql.com/u/salehgtx,,,NaT,,,,,,,,,,,,,,,,no_html,,0.0,,NaT
720,https://mostaql.com/u/Sadawiy,,,NaT,,,,,,,,,,,,,,,,no_html,,0.0,,NaT
721,https://mostaql.com/u/marwan_anwar,,,NaT,,,,,,,,,,,,,,,,no_html,,0.0,,NaT
722,https://mostaql.com/u/ibrahemhassan56,,,NaT,,,,,,,,,,,,,,,,no_html,,0.0,,NaT
723,https://mostaql.com/u/mohammed_hadad,,,NaT,,,,,,,,,,,,,,,,no_html,,0.0,,NaT
724,https://mostaql.com/u/Samerhawi,,,NaT,,,,,,,,,,,,,,,,no_html,,0.0,,NaT
725,https://mostaql.com/u/Moustafa2030,,,NaT,,,,,,,,,,,,,,,,no_html,,0.0,,NaT
726,https://mostaql.com/u/alachaib31,,,NaT,,,,,,,,,,,,,,,,no_html,,0.0,,NaT
727,https://mostaql.com/u/marwa92_ma,,,NaT,,,,,,,,,,,,,,,,no_html,,0.0,,NaT
728,https://mostaql.com/u/Fhn1983,,,NaT,,,,,,,,,,,,,,,,no_html,,0.0,,NaT
729,https://mostaql.com/u/BelalMohammad,,,NaT,,,,,,,,,,,,,,,,no_html,,0.0,,NaT
730,https://mostaql.com/u/Eslam836383,,,NaT,,,,,,,,,,,,,,,,no_html,,0.0,,NaT
731,https://mostaql.com/u/AhmadHalawa5,,,NaT,,,,,,,,,,,,,,,,no_html,,0.0,,NaT
732,https://mostaql.com/u/alfawa5ry,,,NaT,,,,,,,,,,,,,,,,no_html,,0.0,,NaT
733,https://mostaql.com/u/Aisha_Assem,,,NaT,,,,,,,,,,,,,,,,no_html,,0.0,,NaT
734,https://mostaql.com/u/esma3lawi,,,NaT,,,,,,,,,,,,,,,,no_html,,0.0,,NaT
735,https://mostaql.com/u/video_editor,,,NaT,,,,,,,,,,,,,,,,no_html,,0.0,,NaT
736,https://mostaql.com/u/M_Abdeldayem60,,,NaT,,,,,,,,,,,,,,,,no_html,,0.0,,NaT
737,https://mostaql.com/u/AbdullahDawod24,,,NaT,,,,,,,,,,,,,,,,no_html,,0.0,,NaT
738,https://mostaql.com/u/Eslam_Aabdo,,,NaT,,,,,,,,,,,,,,,,no_html,,0.0,,NaT
739,https://mostaql.com/u/EngMohamedAdel,,,NaT,,,,,,,,,,,,,,,,no_html,,0.0,,NaT
740,https://mostaql.com/u/Reem_Ahmed232,,,NaT,,,,,,,,,,,,,,,,no_html,,0.0,,NaT
741,https://mostaql.com/u/monaharedy,,,NaT,,,,,,,,,,,,,,,,no_html,,0.0,,NaT
742,https://mostaql.com/u/Hazem_7any,,,NaT,,,,,,,,,,,,,,,,no_html,,0.0,,NaT
743,https://mostaql.com/u/Ashraf_Husein,,,NaT,,,,,,,,,,,,,,,,no_html,,0.0,,NaT
744,https://mostaql.com/u/Abdelrahman_wo,,,NaT,,,,,,,,,,,,,,,,no_html,,0.0,,NaT
745,https://mostaql.com/u/ahmedsayed000,,,NaT,,,,,,,,,,,,,,,,no_html,,0.0,,NaT
746,https://mostaql.com/u/amrrg,,,NaT,,,,,,,,,,,,,,,,no_html,,0.0,,NaT
747,https://mostaql.com/u/Doha_eslam19,,,NaT,,,,,,,,,,,,,,,,no_html,,0.0,,NaT
748,https://mostaql.com/u/AbdulrhmanTalat,,,NaT,,,,,,,,,,,,,,,,no_html,,0.0,,NaT
749,https://mostaql.com/u/Lina_jaradat,,,NaT,,,,,,,,,,,,,,,,no_html,,0.0,,NaT
750,https://mostaql.com/u/mahmoudalmoslhy,,,NaT,,,,,,,,,,,,,,,,no_html,,0.0,,NaT
751,https://mostaql.com/u/mohamed_3dBL,,,NaT,,,,,,,,,,,,,,,,no_html,,0.0,,NaT
752,https://mostaql.com/u/dina_elboghdady,,,NaT,,,,,,,,,,,,,,,,no_html,,0.0,,NaT
753,https://mostaql.com/u/karim_905,,,NaT,,,,,,,,,,,,,,,,no_html,,0.0,,NaT
754,https://mostaql.com/u/Kerolos_devpro,,,NaT,,,,,,,,,,,,,,,,no_html,,0.0,,NaT
755,https://mostaql.com/u/Ali_kamer_Ali,,,NaT,,,,,,,,,,,,,,,,no_html,,0.0,,NaT
756,https://mostaql.com/u/Hebaalghzawi485,,,NaT,,,,,,,,,,,,,,,,no_html,,0.0,,NaT
757,https://mostaql.com/u/salah2393,,,NaT,,,,,,,,,,,,,,,,no_html,,0.0,,NaT
758,https://mostaql.com/u/mohamedfr98,,,NaT,,,,,,,,,,,,,,,,no_html,,0.0,,NaT
759,https://mostaql.com/u/Ahmed_Fadel7,,,NaT,,,,,,,,,,,,,,,,no_html,,0.0,,NaT
760,https://mostaql.com/u/SONDOS_1997,,,NaT,,,,,,,,,,,,,,,,no_html,,0.0,,NaT
761,https://mostaql.com/u/Dova20,,,NaT,,,,,,,,,,,,,,,,no_html,,0.0,,NaT
762,https://mostaql.com/u/abdalrhman_AST,,,NaT,,,,,,,,,,,,,,,,no_html,,0.0,,NaT
763,https://mostaql.com/u/alissarGhanem,,,NaT,,,,,,,,,,,,,,,,no_html,,0.0,,NaT
764,https://mostaql.com/u/77haytham88,,,NaT,,,,,,,,,,,,,,,,no_html,,0.0,,NaT
765,https://mostaql.com/u/Maisoon_seo,,,NaT,,,,,,,,,,,,,,,,no_html,,0.0,,NaT
766,https://mostaql.com/u/Mahmoudtolan,,,NaT,,,,,,,,,,,,,,,,no_html,,0.0,,NaT
767,https://mostaql.com/u/writerandmore,,,NaT,,,,,,,,,,,,,,,,no_html,,0.0,,NaT
768,https://mostaql.com/u/designer27,,,NaT,,,,,,,,,,,,,,,,no_html,,0.0,,NaT
769,https://mostaql.com/u/hawass_vfx,,,NaT,,,,,,,,,,,,,,,,no_html,,0.0,,NaT
770,https://mostaql.com/u/abdelrhman_1095,,,NaT,,,,,,,,,,,,,,,,no_html,,0.0,,NaT
771,https://mostaql.com/u/Alaa_Ababneh_14,,,NaT,,,,,,,,,,,,,,,,no_html,,0.0,,NaT
772,https://mostaql.com/u/Shirin_WD,,,NaT,,,,,,,,,,,,,,,,no_html,,0.0,,NaT
773,https://mostaql.com/u/Nehal_Elashiri,,,NaT,,,,,,,,,,,,,,,,no_html,,0.0,,NaT
774,https://mostaql.com/u/YoussefRezk,,,NaT,,,,,,,,,,,,,,,,no_html,,0.0,,NaT
775,https://mostaql.com/u/Sayedaboalnasr,,,NaT,,,,,,,,,,,,,,,,no_html,,0.0,,NaT
776,https://mostaql.com/u/abomazen,,,NaT,,,,,,,,,,,,,,,,no_html,,0.0,,NaT
777,https://mostaql.com/u/Zer0byte,,,NaT,,,,,,,,,,,,,,,,no_html,,0.0,,NaT
778,https://mostaql.com/u/Mourad2110,,,NaT,,,,,,,,,,,,,,,,no_html,,0.0,,NaT
779,https://mostaql.com/u/Lubnabah91,,,NaT,,,,,,,,,,,,,,,,no_html,,0.0,,NaT
780,https://mostaql.com/u/Samira1980,,,NaT,,,,,,,,,,,,,,,,no_html,,0.0,,NaT
781,https://mostaql.com/u/AssemAHassan,,,NaT,,,,,,,,,,,,,,,,no_html,,0.0,,NaT
782,https://mostaql.com/u/shaimaa_vo,,,NaT,,,,,,,,,,,,,,,,no_html,,0.0,,NaT
783,https://mostaql.com/u/khadamat2021,,,NaT,,,,,,,,,,,,,,,,no_html,,0.0,,NaT
784,https://mostaql.com/u/ahmadabd056,,,NaT,,,,,,,,,,,,,,,,no_html,,0.0,,NaT
785,https://mostaql.com/u/mostafahawa,,,NaT,,,,,,,,,,,,,,,,no_html,,0.0,,NaT
786,https://mostaql.com/u/mostafakhaled38,,,NaT,,,,,,,,,,,,,,,,no_html,,0.0,,NaT
787,https://mostaql.com/u/frontend_ammar,,,NaT,,,,,,,,,,,,,,,,no_html,,0.0,,NaT
788,https://mostaql.com/u/Mostafa_Adel90,,,NaT,,,,,,,,,,,,,,,,no_html,,0.0,,NaT
789,https://mostaql.com/u/eman1014,,,NaT,,,,,,,,,,,,,,,,no_html,,0.0,,NaT
790,https://mostaql.com/u/Ahmed_Fayez0,,,NaT,,,,,,,,,,,,,,,,no_html,,0.0,,NaT
791,https://mostaql.com/u/mahmoud_rady007,,,NaT,,,,,,,,,,,,,,,,no_html,,0.0,,NaT
792,https://mostaql.com/u/M_Guevara14,,,NaT,,,,,,,,,,,,,,,,no_html,,0.0,,NaT
793,https://mostaql.com/u/Amr_M_ghareeb,,,NaT,,,,,,,,,,,,,,,,no_html,,0.0,,NaT
794,https://mostaql.com/u/Sohayla_Eltawel,,,NaT,,,,,,,,,,,,,,,,no_html,,0.0,,NaT
795,https://mostaql.com/u/rania_ismail09,,,NaT,,,,,,,,,,,,,,,,no_html,,0.0,,NaT
796,https://mostaql.com/u/sarajouda20,,,NaT,,,,,,,,,,,,,,,,no_html,,0.0,,NaT
797,https://mostaql.com/u/ahmednabil67,,,NaT,,,,,,,,,,,,,,,,no_html,,0.0,,NaT
798,https://mostaql.com/u/Nejib_Toumi,,,NaT,,,,,,,,,,,,,,,,no_html,,0.0,,NaT
799,https://mostaql.com/u/Abdellrahman_WP,,,NaT,,,,,,,,,,,,,,,,no_html,,0.0,,NaT
800,https://mostaql.com/u/Mohamed_hus10,,,NaT,,,,,,,,,,,,,,,,no_html,,0.0,,NaT
801,https://mostaql.com/u/Alahmedyo,,,NaT,,,,,,,,,,,,,,,,no_html,,0.0,,NaT
802,https://mostaql.com/u/actavatar,,,NaT,,,,,,,,,,,,,,,,no_html,,0.0,,NaT
803,https://mostaql.com/u/Nour_Abotaleb,,,NaT,,,,,,,,,,,,,,,,no_html,,0.0,,NaT
804,https://mostaql.com/u/gihanabdelnaby7,,,NaT,,,,,,,,,,,,,,,,no_html,,0.0,,NaT
805,https://mostaql.com/u/moamen_karam1,,,NaT,,,,,,,,,,,,,,,,no_html,,0.0,,NaT
806,https://mostaql.com/u/omzr141,,,NaT,,,,,,,,,,,,,,,,no_html,,0.0,,NaT
807,https://mostaql.com/u/fares_mohmed1,,,NaT,,,,,,,,,,,,,,,,no_html,,0.0,,NaT
808,https://mostaql.com/u/alaa_eltayb,,,NaT,,,,,,,,,,,,,,,,no_html,,0.0,,NaT
809,https://mostaql.com/u/mohamedeexx,,,NaT,,,,,,,,,,,,,,,,no_html,,0.0,,NaT
810,https://mostaql.com/u/nasr_eldin585,,,NaT,,,,,,,,,,,,,,,,no_html,,0.0,,NaT
811,https://mostaql.com/u/ahmedmohamedc1,,,NaT,,,,,,,,,,,,,,,,no_html,,0.0,,NaT
812,https://mostaql.com/u/Nisreen_Jamaan,,,NaT,,,,,,,,,,,,,,,,no_html,,0.0,,NaT
813,https://mostaql.com/u/Shadwa01080,,,NaT,,,,,,,,,,,,,,,,no_html,,0.0,,NaT
814,https://mostaql.com/u/Moamen_Rashed,,,NaT,,,,,,,,,,,,,,,,no_html,,0.0,,NaT
815,https://mostaql.com/u/mohamed0409,,,NaT,,,,,,,,,,,,,,,,no_html,,0.0,,NaT
816,https://mostaql.com/u/MAGED_2017,,,NaT,,,,,,,,,,,,,,,,no_html,,0.0,,NaT
817,https://mostaql.com/u/pro_projects,,,NaT,,,,,,,,,,,,,,,,no_html,,0.0,,NaT
818,https://mostaql.com/u/Abdulmalikl,,,NaT,,,,,,,,,,,,,,,,no_html,,0.0,,NaT
819,https://mostaql.com/u/Samar_Creative,,,NaT,,,,,,,,,,,,,,,,no_html,,0.0,,NaT
820,https://mostaql.com/u/Abass_alaa589,,,NaT,,,,,,,,,,,,,,,,no_html,,0.0,,NaT
821,https://mostaql.com/u/drwaleed123,,,NaT,,,,,,,,,,,,,,,,no_html,,0.0,,NaT
822,https://mostaql.com/u/rezk_2015,,,NaT,,,,,,,,,,,,,,,,no_html,,0.0,,NaT
823,https://mostaql.com/u/mdian_haded95,,,NaT,,,,,,,,,,,,,,,,no_html,,0.0,,NaT
824,https://mostaql.com/u/maher2033,,,NaT,,,,,,,,,,,,,,,,no_html,,0.0,,NaT
825,https://mostaql.com/u/mostafakamal223,,,NaT,,,,,,,,,,,,,,,,no_html,,0.0,,NaT
826,https://mostaql.com/u/Husam_Abutilla,,,NaT,,,,,,,,,,,,,,,,no_html,,0.0,,NaT
827,https://mostaql.com/u/sameh_ahmed115,,,NaT,,,,,,,,,,,,,,,,no_html,,0.0,,NaT
828,https://mostaql.com/u/Engsara,,,NaT,,,,,,,,,,,,,,,,no_html,,0.0,,NaT
829,https://mostaql.com/u/Amani_nser,,,NaT,,,,,,,,,,,,,,,,no_html,,0.0,,NaT
830,https://mostaql.com/u/youssefDardeer,,,NaT,,,,,,,,,,,,,,,,no_html,,0.0,,NaT
831,https://mostaql.com/u/shokvet,,,NaT,,,,,,,,,,,,,,,,no_html,,0.0,,NaT
832,https://mostaql.com/u/EngNawaf,,,NaT,,,,,,,,,,,,,,,,no_html,,0.0,,NaT
833,https://mostaql.com/u/Ahmed_zewal,,,NaT,,,,,,,,,,,,,,,,no_html,,0.0,,NaT
834,https://mostaql.com/u/Bouda2112,,,NaT,,,,,,,,,,,,,,,,no_html,,0.0,,NaT
835,https://mostaql.com/u/Abdallah_Math,,,NaT,,,,,,,,,,,,,,,,no_html,,0.0,,NaT
836,https://mostaql.com/u/riham_barhoum,,,NaT,,,,,,,,,,,,,,,,no_html,,0.0,,NaT
837,https://mostaql.com/u/eslam_wael4,,,NaT,,,,,,,,,,,,,,,,no_html,,0.0,,NaT
838,https://mostaql.com/u/asmaataha1,,,NaT,,,,,,,,,,,,,,,,no_html,,0.0,,NaT
839,https://mostaql.com/u/alaahassan25eng,,,NaT,,,,,,,,,,,,,,,,no_html,,0.0,,NaT
840,https://mostaql.com/u/youssefahmed201,,,NaT,,,,,,,,,,,,,,,,no_html,,0.0,,NaT
841,https://mostaql.com/u/Nourkhammash,,,NaT,,,,,,,,,,,,,,,,no_html,,0.0,,NaT
842,https://mostaql.com/u/Elsayed_Fathy,,,NaT,,,,,,,,,,,,,,,,no_html,,0.0,,NaT
843,https://mostaql.com/u/Ahmed_ali_emam,,,NaT,,,,,,,,,,,,,,,,no_html,,0.0,,NaT
844,https://mostaql.com/u/Ahmed_AboAlross,,,NaT,,,,,,,,,,,,,,,,no_html,,0.0,,NaT
845,https://mostaql.com/u/Sara_talaat2023,,,NaT,,,,,,,,,,,,,,,,no_html,,0.0,,NaT
846,https://mostaql.com/u/Magdy25,,,NaT,,,,,,,,,,,,,,,,no_html,,0.0,,NaT
847,https://mostaql.com/u/Yasser127,,,NaT,,,,,,,,,,,,,,,,no_html,,0.0,,NaT
848,https://mostaql.com/u/abdelmaleknani,,,NaT,,,,,,,,,,,,,,,,no_html,,0.0,,NaT
849,https://mostaql.com/u/belalayad000,,,NaT,,,,,,,,,,,,,,,,no_html,,0.0,,NaT
850,https://mostaql.com/u/ahmedsaraya,,,NaT,,,,,,,,,,,,,,,,no_html,,0.0,,NaT
851,https://mostaql.com/u/Waheed_Design,,,NaT,,,,,,,,,,,,,,,,no_html,,0.0,,NaT
852,https://mostaql.com/u/MinaSami,,,NaT,,,,,,,,,,,,,,,,no_html,,0.0,,NaT
853,https://mostaql.com/u/Mahmoud_Fawzy33,,,NaT,,,,,,,,,,,,,,,,no_html,,0.0,,NaT
854,https://mostaql.com/u/sief_wasfy,,,NaT,,,,,,,,,,,,,,,,no_html,,0.0,,NaT
855,https://mostaql.com/u/Tasneemgamal,,,NaT,,,,,,,,,,,,,,,,no_html,,0.0,,NaT
856,https://mostaql.com/u/doaaahmed14,,,NaT,,,,,,,,,,,,,,,,no_html,,0.0,,NaT
857,https://mostaql.com/u/Ahmed_khalid123,,,NaT,,,,,,,,,,,,,,,,no_html,,0.0,,NaT
858,https://mostaql.com/u/aliezz,,,NaT,,,,,,,,,,,,,,,,no_html,,0.0,,NaT
859,https://mostaql.com/u/muhammed_sleem,,,NaT,,,,,,,,,,,,,,,,no_html,,0.0,,NaT
860,https://mostaql.com/u/haythamali111,,,NaT,,,,,,,,,,,,,,,,no_html,,0.0,,NaT
861,https://mostaql.com/u/BoostWithQ,,,NaT,,,,,,,,,,,,,,,,no_html,,0.0,,NaT
862,https://mostaql.com/u/ahmed_azab271,,,NaT,,,,,,,,,,,,,,,,no_html,,0.0,,NaT
863,https://mostaql.com/u/abdelrahman_aa2,,,NaT,,,,,,,,,,,,,,,,no_html,,0.0,,NaT
864,https://mostaql.com/u/webdeveloper,,,NaT,,,,,,,,,,,,,,,,no_html,,0.0,,NaT
865,https://mostaql.com/u/Nouhaila_h1,,,NaT,,,,,,,,,,,,,,,,no_html,,0.0,,NaT
866,https://mostaql.com/u/yousef_m_2001,,,NaT,,,,,,,,,,,,,,,,no_html,,0.0,,NaT
867,https://mostaql.com/u/Ahmedadel157,,,NaT,,,,,,,,,,,,,,,,no_html,,0.0,,NaT
868,https://mostaql.com/u/Abdelnasser94,,,NaT,,,,,,,,,,,,,,,,no_html,,0.0,,NaT
869,https://mostaql.com/u/ahmedsamir2280,,,NaT,,,,,,,,,,,,,,,,no_html,,0.0,,NaT
870,https://mostaql.com/u/Marwamohamed_0,,,NaT,,,,,,,,,,,,,,,,no_html,,0.0,,NaT
871,https://mostaql.com/u/Doaa_12_6,,,NaT,,,,,,,,,,,,,,,,no_html,,0.0,,NaT
872,https://mostaql.com/u/mayar_ahmeed,,,NaT,,,,,,,,,,,,,,,,no_html,,0.0,,NaT
873,https://mostaql.com/u/mohammedmutaz,,,NaT,,,,,,,,,,,,,,,,no_html,,0.0,,NaT
874,https://mostaql.com/u/MohamedZammzam,,,NaT,,,,,,,,,,,,,,,,no_html,,0.0,,NaT
875,https://mostaql.com/u/ahmedzaki22,,,NaT,,,,,,,,,,,,,,,,no_html,,0.0,,NaT
876,https://mostaql.com/u/shenouda_Isaac1,,,NaT,,,,,,,,,,,,,,,,no_html,,0.0,,NaT
877,https://mostaql.com/u/mohamed_basem7,,,NaT,,,,,,,,,,,,,,,,no_html,,0.0,,NaT
878,https://mostaql.com/u/AEgazar92,,,NaT,,,,,,,,,,,,,,,,no_html,,0.0,,NaT
879,https://mostaql.com/u/iverdose,,,NaT,,,,,,,,,,,,,,,,no_html,,0.0,,NaT
880,https://mostaql.com/u/khaled88,,,NaT,,,,,,,,,,,,,,,,no_html,,0.0,,NaT
881,https://mostaql.com/u/Mher_9,,,NaT,,,,,,,,,,,,,,,,no_html,,0.0,,NaT
882,https://mostaql.com/u/AhmedYasser_Dev,,,NaT,,,,,,,,,,,,,,,,no_html,,0.0,,NaT
883,https://mostaql.com/u/alaa_chebbi,,,NaT,,,,,,,,,,,,,,,,no_html,,0.0,,NaT
884,https://mostaql.com/u/Ahmed_abw7,,,NaT,,,,,,,,,,,,,,,,no_html,,0.0,,NaT
885,https://mostaql.com/u/r_solaiman,,,NaT,,,,,,,,,,,,,,,,no_html,,0.0,,NaT
886,https://mostaql.com/u/nadeenmhanna,,,NaT,,,,,,,,,,,,,,,,no_html,,0.0,,NaT
887,https://mostaql.com/u/Gamal_nasser_88,,,NaT,,,,,,,,,,,,,,,,no_html,,0.0,,NaT
888,https://mostaql.com/u/EhabAdly0326,,,NaT,,,,,,,,,,,,,,,,no_html,,0.0,,NaT
889,https://mostaql.com/u/kerollos003,,,NaT,,,,,,,,,,,,,,,,no_html,,0.0,,NaT
890,https://mostaql.com/u/AbuTayseer,,,NaT,,,,,,,,,,,,,,,,no_html,,0.0,,NaT
891,https://mostaql.com/u/Med_merzouki,,,NaT,,,,,,,,,,,,,,,,no_html,,0.0,,NaT
892,https://mostaql.com/u/AhmedMahgoub295,,,NaT,,,,,,,,,,,,,,,,no_html,,0.0,,NaT
893,https://mostaql.com/u/seifkthiri,,,NaT,,,,,,,,,,,,,,,,no_html,,0.0,,NaT
894,https://mostaql.com/u/AdnAnJak,,,NaT,,,,,,,,,,,,,,,,no_html,,0.0,,NaT
895,https://mostaql.com/u/Nour_Trissi,,,NaT,,,,,,,,,,,,,,,,no_html,,0.0,,NaT
896,https://mostaql.com/u/Mohamed_Ebra123,,,NaT,,,,,,,,,,,,,,,,no_html,,0.0,,NaT
897,https://mostaql.com/u/Abdo_2033,,,NaT,,,,,,,,,,,,,,,,no_html,,0.0,,NaT
898,https://mostaql.com/u/ibrahimsalama,,,NaT,,,,,,,,,,,,,,,,no_html,,0.0,,NaT
899,https://mostaql.com/u/Safwan1309,,,NaT,,,,,,,,,,,,,,,,no_html,,0.0,,NaT
900,https://mostaql.com/u/alaaimad,,,NaT,,,,,,,,,,,,,,,,no_html,,0.0,,NaT
901,https://mostaql.com/u/Ahmed_wael11,,,NaT,,,,,,,,,,,,,,,,no_html,,0.0,,NaT
902,https://mostaql.com/u/Abdo_Sayed_Goda,,,NaT,,,,,,,,,,,,,,,,no_html,,0.0,,NaT
903,https://mostaql.com/u/Sadeg77128712,,,NaT,,,,,,,,,,,,,,,,no_html,,0.0,,NaT
904,https://mostaql.com/u/youssefabdulaty,,,NaT,,,,,,,,,,,,,,,,no_html,,0.0,,NaT
905,https://mostaql.com/u/Kuxu2,,,NaT,,,,,,,,,,,,,,,,no_html,,0.0,,NaT
906,https://mostaql.com/u/mohamedR20,,,NaT,,,,,,,,,,,,,,,,no_html,,0.0,,NaT
907,https://mostaql.com/u/omarsabry2911,,,NaT,,,,,,,,,,,,,,,,no_html,,0.0,,NaT
908,https://mostaql.com/u/shehab_haleem,,,NaT,,,,,,,,,,,,,,,,no_html,,0.0,,NaT
909,https://mostaql.com/u/walaa_m1982,,,NaT,,,,,,,,,,,,,,,,no_html,,0.0,,NaT
910,https://mostaql.com/u/KhaledGhonim95,,,NaT,,,,,,,,,,,,,,,,no_html,,0.0,,NaT
911,https://mostaql.com/u/Alihaytham,,,NaT,,,,,,,,,,,,,,,,no_html,,0.0,,NaT
912,https://mostaql.com/u/Mary54,,,NaT,,,,,,,,,,,,,,,,no_html,,0.0,,NaT
913,https://mostaql.com/u/alaa_eljedi,,,NaT,,,,,,,,,,,,,,,,no_html,,0.0,,NaT
914,https://mostaql.com/u/Abdelsabour,,,NaT,,,,,,,,,,,,,,,,no_html,,0.0,,NaT
915,https://mostaql.com/u/amal_emara,,,NaT,,,,,,,,,,,,,,,,no_html,,0.0,,NaT
916,https://mostaql.com/u/IbrahimS369,,,NaT,,,,,,,,,,,,,,,,no_html,,0.0,,NaT
917,https://mostaql.com/u/baraa_1325,,,NaT,,,,,,,,,,,,,,,,no_html,,0.0,,NaT
918,https://mostaql.com/u/mashtouly,,,NaT,,,,,,,,,,,,,,,,no_html,,0.0,,NaT
919,https://mostaql.com/u/anas_green_23,,,NaT,,,,,,,,,,,,,,,,no_html,,0.0,,NaT
920,https://mostaql.com/u/Arch_Loay,,,NaT,,,,,,,,,,,,,,,,no_html,,0.0,,NaT
921,https://mostaql.com/u/DinaOthman,,,NaT,,,,,,,,,,,,,,,,no_html,,0.0,,NaT
922,https://mostaql.com/u/Mena_Zaki,,,NaT,,,,,,,,,,,,,,,,no_html,,0.0,,NaT
923,https://mostaql.com/u/Aya_m_gaber,,,NaT,,,,,,,,,,,,,,,,no_html,,0.0,,NaT
924,https://mostaql.com/u/apdri,,,NaT,,,,,,,,,,,,,,,,no_html,,0.0,,NaT
925,https://mostaql.com/u/shrouk1216,,,NaT,,,,,,,,,,,,,,,,no_html,,0.0,,NaT
926,https://mostaql.com/u/Sherif_Karam,,,NaT,,,,,,,,,,,,,,,,no_html,,0.0,,NaT
927,https://mostaql.com/u/tamourax,,,NaT,,,,,,,,,,,,,,,,no_html,,0.0,,NaT
928,https://mostaql.com/u/hldv_210156,,,NaT,,,,,,,,,,,,,,,,no_html,,0.0,,NaT
929,https://mostaql.com/u/OmarEssamE,,,NaT,,,,,,,,,,,,,,,,no_html,,0.0,,NaT
930,https://mostaql.com/u/AHMED25621,,,NaT,,,,,,,,,,,,,,,,no_html,,0.0,,NaT
931,https://mostaql.com/u/Yahyaeg,,,NaT,,,,,,,,,,,,,,,,no_html,,0.0,,NaT
932,https://mostaql.com/u/eslamelhosuniy,,,NaT,,,,,,,,,,,,,,,,no_html,,0.0,,NaT
933,https://mostaql.com/u/fadygamal027,,,NaT,,,,,,,,,,,,,,,,no_html,,0.0,,NaT
934,https://mostaql.com/u/mniazi,,,NaT,,,,,,,,,,,,,,,,no_html,,0.0,,NaT
935,https://mostaql.com/u/Essam_Mohamed54,,,NaT,,,,,,,,,,,,,,,,no_html,,0.0,,NaT
936,https://mostaql.com/u/OmarGhoraba,,,NaT,,,,,,,,,,,,,,,,no_html,,0.0,,NaT
937,https://mostaql.com/u/AsmaaAbabker,,,NaT,,,,,,,,,,,,,,,,no_html,,0.0,,NaT
938,https://mostaql.com/u/ehabgerges,,,NaT,,,,,,,,,,,,,,,,no_html,,0.0,,NaT
939,https://mostaql.com/u/Ahmad_mouslly44,,,NaT,,,,,,,,,,,,,,,,no_html,,0.0,,NaT
940,https://mostaql.com/u/Mahmoud_Mahros,,,NaT,,,,,,,,,,,,,,,,no_html,,0.0,,NaT
941,https://mostaql.com/u/220_Abdelrahman,,,NaT,,,,,,,,,,,,,,,,no_html,,0.0,,NaT
942,https://mostaql.com/u/AhmedAshrafArt,,,NaT,,,,,,,,,,,,,,,,no_html,,0.0,,NaT
943,https://mostaql.com/u/YomnaSonbol,,,NaT,,,,,,,,,,,,,,,,no_html,,0.0,,NaT
944,https://mostaql.com/u/reemey,,,NaT,,,,,,,,,,,,,,,,no_html,,0.0,,NaT
945,https://mostaql.com/u/Ayaezz_e,,,NaT,,,,,,,,,,,,,,,,no_html,,0.0,,NaT
946,https://mostaql.com/u/omarraafatds,,,NaT,,,,,,,,,,,,,,,,no_html,,0.0,,NaT
947,https://mostaql.com/u/Ali_Muhammad01,,,NaT,,,,,,,,,,,,,,,,no_html,,0.0,,NaT
948,https://mostaql.com/u/PeterHab,,,NaT,,,,,,,,,,,,,,,,no_html,,0.0,,NaT
949,https://mostaql.com/u/hazemhusseinv7,,,NaT,,,,,,,,,,,,,,,,no_html,,0.0,,NaT
950,https://mostaql.com/u/Sameh_Farag_91,,,NaT,,,,,,,,,,,,,,,,no_html,,0.0,,NaT
951,https://mostaql.com/u/M20R5K1981,,,NaT,,,,,,,,,,,,,,,,no_html,,0.0,,NaT
952,https://mostaql.com/u/yomran1992,,,NaT,,,,,,,,,,,,,,,,no_html,,0.0,,NaT
953,https://mostaql.com/u/YoussefJo,,,NaT,,,,,,,,,,,,,,,,no_html,,0.0,,NaT
954,https://mostaql.com/u/Youssef_khaled9,,,NaT,,,,,,,,,,,,,,,,no_html,,0.0,,NaT
955,https://mostaql.com/u/andrew_alfy1,,,NaT,,,,,,,,,,,,,,,,no_html,,0.0,,NaT
956,https://mostaql.com/u/Abdallah_Ehab1,,,NaT,,,,,,,,,,,,,,,,no_html,,0.0,,NaT
957,https://mostaql.com/u/Zeyad_Salem26,,,NaT,,,,,,,,,,,,,,,,no_html,,0.0,,NaT
958,https://mostaql.com/u/Ahmedd_Adell1,,,NaT,,,,,,,,,,,,,,,,no_html,,0.0,,NaT
959,https://mostaql.com/u/MohammedOsa,,,NaT,,,,,,,,,,,,,,,,no_html,,0.0,,NaT
960,https://mostaql.com/u/moaaz__gabal,,,NaT,,,,,,,,,,,,,,,,no_html,,0.0,,NaT
961,https://mostaql.com/u/AhmedGapr,,,NaT,,,,,,,,,,,,,,,,no_html,,0.0,,NaT
962,https://mostaql.com/u/Gohar_Mohamed,,,NaT,,,,,,,,,,,,,,,,no_html,,0.0,,NaT
963,https://mostaql.com/u/hamada_develop,,,NaT,,,,,,,,,,,,,,,,no_html,,0.0,,NaT
964,https://mostaql.com/u/Tork_ali,,,NaT,,,,,,,,,,,,,,,,no_html,,0.0,,NaT
965,https://mostaql.com/u/ObadaAbb,,,NaT,,,,,,,,,,,,,,,,no_html,,0.0,,NaT
966,https://mostaql.com/u/mohameen2019,,,NaT,,,,,,,,,,,,,,,,no_html,,0.0,,NaT
967,https://mostaql.com/u/Mouadh_Benrejeb,,,NaT,,,,,,,,,,,,,,,,no_html,,0.0,,NaT
968,https://mostaql.com/u/Mohamed_Taha72,,,NaT,,,,,,,,,,,,,,,,no_html,,0.0,,NaT
969,https://mostaql.com/u/Zeyad_Seoudy98,,,NaT,,,,,,,,,,,,,,,,no_html,,0.0,,NaT
970,https://mostaql.com/u/Youssefzaki,,,NaT,,,,,,,,,,,,,,,,no_html,,0.0,,NaT
971,https://mostaql.com/u/MohamedBDawood,,,NaT,,,,,,,,,,,,,,,,no_html,,0.0,,NaT
972,https://mostaql.com/u/Moemenhafez,,,NaT,,,,,,,,,,,,,,,,no_html,,0.0,,NaT
973,https://mostaql.com/u/Maha_Nubi22,,,NaT,,,,,,,,,,,,,,,,no_html,,0.0,,NaT
974,https://mostaql.com/u/Hossam_Emam,,,NaT,,,,,,,,,,,,,,,,no_html,,0.0,,NaT
975,https://mostaql.com/u/haithamgomaa21,,,NaT,,,,,,,,,,,,,,,,no_html,,0.0,,NaT
976,https://mostaql.com/u/Eman_Aly11,,,NaT,,,,,,,,,,,,,,,,no_html,,0.0,,NaT
977,https://mostaql.com/u/Mah_Saigaly,,,NaT,,,,,,,,,,,,,,,,no_html,,0.0,,NaT
978,https://mostaql.com/u/NemondO,,,NaT,,,,,,,,,,,,,,,,no_html,,0.0,,NaT
979,https://mostaql.com/u/hebaahmd,,,NaT,,,,,,,,,,,,,,,,no_html,,0.0,,NaT
980,https://mostaql.com/u/doniamotion,,,NaT,,,,,,,,,,,,,,,,no_html,,0.0,,NaT
981,https://mostaql.com/u/MohammedShadad,,,NaT,,,,,,,,,,,,,,,,no_html,,0.0,,NaT
982,https://mostaql.com/u/Designer0F,,,NaT,,,,,,,,,,,,,,,,no_html,,0.0,,NaT
983,https://mostaql.com/u/Mohkh90,,,NaT,,,,,,,,,,,,,,,,no_html,,0.0,,NaT
984,https://mostaql.com/u/AnasKamal,,,NaT,,,,,,,,,,,,,,,,no_html,,0.0,,NaT
985,https://mostaql.com/u/nabilamohamed3,,,NaT,,,,,,,,,,,,,,,,no_html,,0.0,,NaT
986,https://mostaql.com/u/Ma7moud_Gad53,,,NaT,,,,,,,,,,,,,,,,no_html,,0.0,,NaT
987,https://mostaql.com/u/AHMED_FOUAD,,,NaT,,,,,,,,,,,,,,,,no_html,,0.0,,NaT
988,https://mostaql.com/u/Risha_Graphics,,,NaT,,,,,,,,,,,,,,,,no_html,,0.0,,NaT
989,https://mostaql.com/u/Mustafh_45,,,NaT,,,,,,,,,,,,,,,,no_html,,0.0,,NaT
990,https://mostaql.com/u/Ammar_Sherif_AS,,,NaT,,,,,,,,,,,,,,,,no_html,,0.0,,NaT
991,https://mostaql.com/u/Menna_khaled27,,,NaT,,,,,,,,,,,,,,,,no_html,,0.0,,NaT
992,https://mostaql.com/u/yahea_mesto,,,NaT,,,,,,,,,,,,,,,,no_html,,0.0,,NaT
993,https://mostaql.com/u/Abdulrady,,,NaT,,,,,,,,,,,,,,,,no_html,,0.0,,NaT
994,https://mostaql.com/u/MostafaAtta99,,,NaT,,,,,,,,,,,,,,,,no_html,,0.0,,NaT
995,https://mostaql.com/u/Amro_Samir,,,NaT,,,,,,,,,,,,,,,,no_html,,0.0,,NaT
996,https://mostaql.com/u/A7med_Hatem,,,NaT,,,,,,,,,,,,,,,,no_html,,0.0,,NaT
997,https://mostaql.com/u/Serag_elsewessy,,,NaT,,,,,,,,,,,,,,,,no_html,,0.0,,NaT
998,https://mostaql.com/u/Yousef_dagher,,,NaT,,,,,,,,,,,,,,,,no_html,,0.0,,NaT
999,https://mostaql.com/u/fatma_hasan,,,NaT,,,,,,,,,,,,,,,,no_html,,0.0,,NaT
1000,https://mostaql.com/u/Rana_Ashraf23,,,NaT,,,,,,,,,,,,,,,,no_html,,0.0,,NaT
1001,https://mostaql.com/u/romanyfoktor,,,NaT,,,,,,,,,,,,,,,,no_html,,0.0,,NaT
1002,https://mostaql.com/u/Mina_samy3,,,NaT,,,,,,,,,,,,,,,,no_html,,0.0,,NaT
1003,https://mostaql.com/u/FadyEzzat_foda,,,NaT,,,,,,,,,,,,,,,,no_html,,0.0,,NaT
1004,https://mostaql.com/u/Eman_1417,,,NaT,,,,,,,,,,,,,,,,no_html,,0.0,,NaT
1005,https://mostaql.com/u/meloai_512,,,NaT,,,,,,,,,,,,,,,,no_html,,0.0,,NaT
1006,https://mostaql.com/u/Mennatarek_29,,,NaT,,,,,,,,,,,,,,,,no_html,,0.0,,NaT
1007,https://mostaql.com/u/MohammedGamal91,,,NaT,,,,,,,,,,,,,,,,no_html,,0.0,,NaT
1008,https://mostaql.com/u/Shouq_skaik,,,NaT,,,,,,,,,,,,,,,,no_html,,0.0,,NaT
1009,https://mostaql.com/u/haytham_zeedia,,,NaT,,,,,,,,,,,,,,,,no_html,,0.0,,NaT
1010,https://mostaql.com/u/mariamabunaser,,,NaT,,,,,,,,,,,,,,,,no_html,,0.0,,NaT
1011,https://mostaql.com/u/ahmedabdeien,,,NaT,,,,,,,,,,,,,,,,no_html,,0.0,,NaT
1012,https://mostaql.com/u/mahmoudwasim,,,NaT,,,,,,,,,,,,,,,,no_html,,0.0,,NaT
1013,https://mostaql.com/u/A_Hamza,,,NaT,,,,,,,,,,,,,,,,no_html,,0.0,,NaT
1014,https://mostaql.com/u/MohamedSHegazy,,,NaT,,,,,,,,,,,,,,,,no_html,,0.0,,NaT
1015,https://mostaql.com/u/Khaled1s,,,NaT,,,,,,,,,,,,,,,,no_html,,0.0,,NaT
1016,https://mostaql.com/u/Ahmedsalah_20,,,NaT,,,,,,,,,,,,,,,,no_html,,0.0,,NaT
1017,https://mostaql.com/u/Azizhassan,,,NaT,,,,,,,,,,,,,,,,no_html,,0.0,,NaT
1018,https://mostaql.com/u/Msayedm,,,NaT,,,,,,,,,,,,,,,,no_html,,0.0,,NaT
1019,https://mostaql.com/u/Amel_Mila,,,NaT,,,,,,,,,,,,,,,,no_html,,0.0,,NaT
1020,https://mostaql.com/u/abeer_ghalban,,,NaT,,,,,,,,,,,,,,,,no_html,,0.0,,NaT
1021,https://mostaql.com/u/fadym_1,,,NaT,,,,,,,,,,,,,,,,no_html,,0.0,,NaT
1022,https://mostaql.com/u/abualrish,,,NaT,,,,,,,,,,,,,,,,no_html,,0.0,,NaT
1023,https://mostaql.com/u/Majdi_010,,,NaT,,,,,,,,,,,,,,,,no_html,,0.0,,NaT
1024,https://mostaql.com/u/Hisham_Eid,,,NaT,,,,,,,,,,,,,,,,no_html,,0.0,,NaT
1025,https://mostaql.com/u/NASER21,,,NaT,,,,,,,,,,,,,,,,no_html,,0.0,,NaT
1026,https://mostaql.com/u/anwar_alakhdar,,,NaT,,,,,,,,,,,,,,,,no_html,,0.0,,NaT
1027,https://mostaql.com/u/dinaelzoka,,,NaT,,,,,,,,,,,,,,,,no_html,,0.0,,NaT
1028,https://mostaql.com/u/RayanAbdo_123,,,NaT,,,,,,,,,,,,,,,,no_html,,0.0,,NaT
1029,https://mostaql.com/u/Ahedmadi,,,NaT,,,,,,,,,,,,,,,,no_html,,0.0,,NaT
1030,https://mostaql.com/u/Mohamed_arfa_97,,,NaT,,,,,,,,,,,,,,,,no_html,,0.0,,NaT
1031,https://mostaql.com/u/youssefahmed27,,,NaT,,,,,,,,,,,,,,,,no_html,,0.0,,NaT
1032,https://mostaql.com/u/archkhalid8,,,NaT,,,,,,,,,,,,,,,,no_html,,0.0,,NaT
1033,https://mostaql.com/u/Moamenmostafa_1,,,NaT,,,,,,,,,,,,,,,,no_html,,0.0,,NaT
1034,https://mostaql.com/u/chaimachim,,,NaT,,,,,,,,,,,,,,,,no_html,,0.0,,NaT
1035,https://mostaql.com/u/mohamed_anwar33,,,NaT,,,,,,,,,,,,,,,,no_html,,0.0,,NaT
1036,https://mostaql.com/u/Omar_Okstar116,,,NaT,,,,,,,,,,,,,,,,no_html,,0.0,,NaT
1037,https://mostaql.com/u/mostafa321987,,,NaT,,,,,,,,,,,,,,,,no_html,,0.0,,NaT
1038,https://mostaql.com/u/mohammad_ashrf9,,,NaT,,,,,,,,,,,,,,,,no_html,,0.0,,NaT
1039,https://mostaql.com/u/afafessakhi,,,NaT,,,,,,,,,,,,,,,,no_html,,0.0,,NaT
1040,https://mostaql.com/u/Omar_Mohamed122,,,NaT,,,,,,,,,,,,,,,,no_html,,0.0,,NaT
1041,https://mostaql.com/u/Georgemohsen652,,,NaT,,,,,,,,,,,,,,,,no_html,,0.0,,NaT
1042,https://mostaql.com/u/osama_bakry10,,,NaT,,,,,,,,,,,,,,,,no_html,,0.0,,NaT
1043,https://mostaql.com/u/abdalaa,,,NaT,,,,,,,,,,,,,,,,no_html,,0.0,,NaT
1044,https://mostaql.com/u/al3mlak5,,,NaT,,,,,,,,,,,,,,,,no_html,,0.0,,NaT
1045,https://mostaql.com/u/Leomega,,,NaT,,,,,,,,,,,,,,,,no_html,,0.0,,NaT
1046,https://mostaql.com/u/Abdullah_Azm,,,NaT,,,,,,,,,,,,,,,,no_html,,0.0,,NaT
1047,https://mostaql.com/u/basiony74,,,NaT,,,,,,,,,,,,,,,,no_html,,0.0,,NaT
1048,https://mostaql.com/u/wizooking,,,NaT,,,,,,,,,,,,,,,,no_html,,0.0,,NaT
1049,https://mostaql.com/u/moesart,,,NaT,,,,,,,,,,,,,,,,no_html,,0.0,,NaT
1050,https://mostaql.com/u/husseinhashiem,,,NaT,,,,,,,,,,,,,,,,no_html,,0.0,,NaT
1051,https://mostaql.com/u/Mina_Samy,,,NaT,,,,,,,,,,,,,,,,no_html,,0.0,,NaT
1052,https://mostaql.com/u/DevImadEddine,,,NaT,,,,,,,,,,,,,,,,no_html,,0.0,,NaT
1053,https://mostaql.com/u/Youssef_magdy,,,NaT,,,,,,,,,,,,,,,,no_html,,0.0,,NaT
1054,https://mostaql.com/u/AhmedAbdelrheem,,,NaT,,,,,,,,,,,,,,,,no_html,,0.0,,NaT
1055,https://mostaql.com/u/Kaouther_Alger,,,NaT,,,,,,,,,,,,,,,,no_html,,0.0,,NaT
1056,https://mostaql.com/u/Hassanabahaa4,,,NaT,,,,,,,,,,,,,,,,no_html,,0.0,,NaT
1057,https://mostaql.com/u/Hossamaref,,,NaT,,,,,,,,,,,,,,,,no_html,,0.0,,NaT
1058,https://mostaql.com/u/Ahmedvvv,,,NaT,,,,,,,,,,,,,,,,no_html,,0.0,,NaT
1059,https://mostaql.com/u/ouassim_tg,,,NaT,,,,,,,,,,,,,,,,no_html,,0.0,,NaT
1060,https://mostaql.com/u/Moh_amed_2005,,,NaT,,,,,,,,,,,,,,,,no_html,,0.0,,NaT
1061,https://mostaql.com/u/Mo_3030,,,NaT,,,,,,,,,,,,,,,,no_html,,0.0,,NaT
1062,https://mostaql.com/u/Sayed_gamal300,,,NaT,,,,,,,,,,,,,,,,no_html,,0.0,,NaT
1063,https://mostaql.com/u/Rehab_Saleh,,,NaT,,,,,,,,,,,,,,,,no_html,,0.0,,NaT
1064,https://mostaql.com/u/Merna1233,,,NaT,,,,,,,,,,,,,,,,no_html,,0.0,,NaT
1065,https://mostaql.com/u/Sanaa_Abba,,,NaT,,,,,,,,,,,,,,,,no_html,,0.0,,NaT
1066,https://mostaql.com/u/mourad_ch,,,NaT,,,,,,,,,,,,,,,,no_html,,0.0,,NaT
1067,https://mostaql.com/u/MeRo210,,,NaT,,,,,,,,,,,,,,,,no_html,,0.0,,NaT
1068,https://mostaql.com/u/dilawer_charo,,,NaT,,,,,,,,,,,,,,,,no_html,,0.0,,NaT
1069,https://mostaql.com/u/Mohamed3mr,,,NaT,,,,,,,,,,,,,,,,no_html,,0.0,,NaT
1070,https://mostaql.com/u/Yasmine_uxdes,,,NaT,,,,,,,,,,,,,,,,no_html,,0.0,,NaT
1071,https://mostaql.com/u/Fatma_nassar,,,NaT,,,,,,,,,,,,,,,,no_html,,0.0,,NaT
1072,https://mostaql.com/u/omar_youns,,,NaT,,,,,,,,,,,,,,,,no_html,,0.0,,NaT
1073,https://mostaql.com/u/mohamed_lahlah,,,NaT,,,,,,,,,,,,,,,,no_html,,0.0,,NaT
1074,https://mostaql.com/u/Bassil_Alqadi,,,NaT,,,,,,,,,,,,,,,,no_html,,0.0,,NaT
1075,https://mostaql.com/u/Hassan_Hazem79,,,NaT,,,,,,,,,,,,,,,,no_html,,0.0,,NaT
1076,https://mostaql.com/u/yousefagena,,,NaT,,,,,,,,,,,,,,,,no_html,,0.0,,NaT
1077,https://mostaql.com/u/moawiaeldahaby,,,NaT,,,,,,,,,,,,,,,,no_html,,0.0,,NaT
1078,https://mostaql.com/u/Ahmed_Alaa_Dev,,,NaT,,,,,,,,,,,,,,,,no_html,,0.0,,NaT
1079,https://mostaql.com/u/KerolosEmad2025,,,NaT,,,,,,,,,,,,,,,,no_html,,0.0,,NaT
1080,https://mostaql.com/u/delthmanmohamed,,,NaT,,,,,,,,,,,,,,,,no_html,,0.0,,NaT
1081,https://mostaql.com/u/Mostafa_Waleed2,,,NaT,,,,,,,,,,,,,,,,no_html,,0.0,,NaT
1082,https://mostaql.com/u/SaleenAlmahmoud,,,NaT,,,,,,,,,,,,,,,,no_html,,0.0,,NaT
1083,https://mostaql.com/u/Ghadaawwad,,,NaT,,,,,,,,,,,,,,,,no_html,,0.0,,NaT
1084,https://mostaql.com/u/HamadAlodah,,,NaT,,,,,,,,,,,,,,,,no_html,,0.0,,NaT
1085,https://mostaql.com/u/Diyaa_12,,,NaT,,,,,,,,,,,,,,,,no_html,,0.0,,NaT
1086,https://mostaql.com/u/SamerQ,,,NaT,,,,,,,,,,,,,,,,no_html,,0.0,,NaT
1087,https://mostaql.com/u/Zainab_257,,,NaT,,,,,,,,,,,,,,,,no_html,,0.0,,NaT
1088,https://mostaql.com/u/mrmohamedahmed,,,NaT,,,,,,,,,,,,,,,,no_html,,0.0,,NaT
1089,https://mostaql.com/u/zainab_Hubail,,,NaT,,,,,,,,,,,,,,,,no_html,,0.0,,NaT
1090,https://mostaql.com/u/mw_youmbai39,,,NaT,,,,,,,,,,,,,,,,no_html,,0.0,,NaT
1091,https://mostaql.com/u/EmanRadi,,,NaT,,,,,,,,,,,,,,,,no_html,,0.0,,NaT
1092,https://mostaql.com/u/imaadeddine,,,NaT,,,,,,,,,,,,,,,,no_html,,0.0,,NaT
1093,https://mostaql.com/u/Abader2024,,,NaT,,,,,,,,,,,,,,,,no_html,,0.0,,NaT
1094,https://mostaql.com/u/Nourmousa,,,NaT,,,,,,,,,,,,,,,,no_html,,0.0,,NaT
1095,https://mostaql.com/u/Abdelrhman10199,,,NaT,,,,,,,,,,,,,,,,no_html,,0.0,,NaT
1096,https://mostaql.com/u/Tareik,,,NaT,,,,,,,,,,,,,,,,no_html,,0.0,,NaT
1097,https://mostaql.com/u/taha128,,,NaT,,,,,,,,,,,,,,,,no_html,,0.0,,NaT
1098,https://mostaql.com/u/Mohamed20899,,,NaT,,,,,,,,,,,,,,,,no_html,,0.0,,NaT
1099,https://mostaql.com/u/Eng_AhmedLotfy,,,NaT,,,,,,,,,,,,,,,,no_html,,0.0,,NaT
1100,https://mostaql.com/u/Ashraf1230,,,NaT,,,,,,,,,,,,,,,,no_html,,0.0,,NaT
1101,https://mostaql.com/u/Abdurrahman_m1,,,NaT,,,,,,,,,,,,,,,,no_html,,0.0,,NaT
1102,https://mostaql.com/u/Yasser_Ewedai_2,,,NaT,,,,,,,,,,,,,,,,no_html,,0.0,,NaT
1103,https://mostaql.com/u/alfazzaa,,,NaT,,,,,,,,,,,,,,,,no_html,,0.0,,NaT
1104,https://mostaql.com/u/amrmahdy36,,,NaT,,,,,,,,,,,,,,,,no_html,,0.0,,NaT
1105,https://mostaql.com/u/th3sleemxd,,,NaT,,,,,,,,,,,,,,,,no_html,,0.0,,NaT
1106,https://mostaql.com/u/Magdymado,,,NaT,,,,,,,,,,,,,,,,no_html,,0.0,,NaT
1107,https://mostaql.com/u/osama_khaled123,,,NaT,,,,,,,,,,,,,,,,no_html,,0.0,,NaT
1108,https://mostaql.com/u/SsnSiba,,,NaT,,,,,,,,,,,,,,,,no_html,,0.0,,NaT
1109,https://mostaql.com/u/Marwa_Gharib,,,NaT,,,,,,,,,,,,,,,,no_html,,0.0,,NaT
1110,https://mostaql.com/u/kasem2018,,,NaT,,,,,,,,,,,,,,,,no_html,,0.0,,NaT
1111,https://mostaql.com/u/Tarek_Ismail01,,,NaT,,,,,,,,,,,,,,,,no_html,,0.0,,NaT
1112,https://mostaql.com/u/MohamedIsmail73,,,NaT,,,,,,,,,,,,,,,,no_html,,0.0,,NaT
1113,https://mostaql.com/u/kamalsharf,,,NaT,,,,,,,,,,,,,,,,no_html,,0.0,,NaT
1114,https://mostaql.com/u/o_elgeme,,,NaT,,,,,,,,,,,,,,,,no_html,,0.0,,NaT
1115,https://mostaql.com/u/maryam_23456,,,NaT,,,,,,,,,,,,,,,,no_html,,0.0,,NaT
1116,https://mostaql.com/u/murad_ismail,,,NaT,,,,,,,,,,,,,,,,no_html,,0.0,,NaT
1117,https://mostaql.com/u/Sally_Mahmoud,,,NaT,,,,,,,,,,,,,,,,no_html,,0.0,,NaT
1118,https://mostaql.com/u/ahmed_hilles,,,NaT,,,,,,,,,,,,,,,,no_html,,0.0,,NaT
1119,https://mostaql.com/u/e_Eman92,,,NaT,,,,,,,,,,,,,,,,no_html,,0.0,,NaT
1120,https://mostaql.com/u/ghnajjar,,,NaT,,,,,,,,,,,,,,,,no_html,,0.0,,NaT
1121,https://mostaql.com/u/Architect10,,,NaT,,,,,,,,,,,,,,,,no_html,,0.0,,NaT
1122,https://mostaql.com/u/MahmoudBarsha,,,NaT,,,,,,,,,,,,,,,,no_html,,0.0,,NaT
1123,https://mostaql.com/u/MarianBanoub,,,NaT,,,,,,,,,,,,,,,,no_html,,0.0,,NaT
1124,https://mostaql.com/u/HeshamMohamed40,,,NaT,,,,,,,,,,,,,,,,no_html,,0.0,,NaT
1125,https://mostaql.com/u/Salma_450,,,NaT,,,,,,,,,,,,,,,,no_html,,0.0,,NaT
1126,https://mostaql.com/u/abood_hatem123,,,NaT,,,,,,,,,,,,,,,,no_html,,0.0,,NaT
1127,https://mostaql.com/u/abd_rahman22,,,NaT,,,,,,,,,,,,,,,,no_html,,0.0,,NaT
1128,https://mostaql.com/u/Monika_Adel,,,NaT,,,,,,,,,,,,,,,,no_html,,0.0,,NaT
1129,https://mostaql.com/u/Zem30,,,NaT,,,,,,,,,,,,,,,,no_html,,0.0,,NaT
1130,https://mostaql.com/u/mai_alhajeen,,,NaT,,,,,,,,,,,,,,,,no_html,,0.0,,NaT
1131,https://mostaql.com/u/timrazza_123,,,NaT,,,,,,,,,,,,,,,,no_html,,0.0,,NaT
1132,https://mostaql.com/u/ACC_Ibrahm_Reda,,,NaT,,,,,,,,,,,,,,,,no_html,,0.0,,NaT
1133,https://mostaql.com/u/heba__asar512,,,NaT,,,,,,,,,,,,,,,,no_html,,0.0,,NaT
1134,https://mostaql.com/u/ahmed3nter,,,NaT,,,,,,,,,,,,,,,,no_html,,0.0,,NaT
1135,https://mostaql.com/u/mohamedgamal_1,,,NaT,,,,,,,,,,,,,,,,no_html,,0.0,,NaT
1136,https://mostaql.com/u/Manar_hafez,,,NaT,,,,,,,,,,,,,,,,no_html,,0.0,,NaT
1137,https://mostaql.com/u/hala_s_saleh1,,,NaT,,,,,,,,,,,,,,,,no_html,,0.0,,NaT
1138,https://mostaql.com/u/ZyadYounes,,,NaT,,,,,,,,,,,,,,,,no_html,,0.0,,NaT
1139,https://mostaql.com/u/Mu_Abdelhameed,,,NaT,,,,,,,,,,,,,,,,no_html,,0.0,,NaT
1140,https://mostaql.com/u/media0utlets,,,NaT,,,,,,,,,,,,,,,,no_html,,0.0,,NaT
1141,https://mostaql.com/u/kerroumi_1984,,,NaT,,,,,,,,,,,,,,,,no_html,,0.0,,NaT
1142,https://mostaql.com/u/rafa_houssam,,,NaT,,,,,,,,,,,,,,,,no_html,,0.0,,NaT
1143,https://mostaql.com/u/Fares_abbas,,,NaT,,,,,,,,,,,,,,,,no_html,,0.0,,NaT
1144,https://mostaql.com/u/chifalns,,,NaT,,,,,,,,,,,,,,,,no_html,,0.0,,NaT
1145,https://mostaql.com/u/ahmedmohamedals,,,NaT,,,,,,,,,,,,,,,,no_html,,0.0,,NaT
1146,https://mostaql.com/u/MOMEN333,,,NaT,,,,,,,,,,,,,,,,no_html,,0.0,,NaT
1147,https://mostaql.com/u/omargad9901,,,NaT,,,,,,,,,,,,,,,,no_html,,0.0,,NaT
1148,https://mostaql.com/u/Mina_S_Younan,,,NaT,,,,,,,,,,,,,,,,no_html,,0.0,,NaT
1149,https://mostaql.com/u/elhariryqena,,,NaT,,,,,,,,,,,,,,,,no_html,,0.0,,NaT
1150,https://mostaql.com/u/yassine_hardou,,,NaT,,,,,,,,,,,,,,,,no_html,,0.0,,NaT
1151,https://mostaql.com/u/Al_Taramsi,,,NaT,,,,,,,,,,,,,,,,no_html,,0.0,,NaT
1152,https://mostaql.com/u/Samia_mahmoud,,,NaT,,,,,,,,,,,,,,,,no_html,,0.0,,NaT
1153,https://mostaql.com/u/Moaz_mohamed9,,,NaT,,,,,,,,,,,,,,,,no_html,,0.0,,NaT
1154,https://mostaql.com/u/Iyad_12,,,NaT,,,,,,,,,,,,,,,,no_html,,0.0,,NaT
1155,https://mostaql.com/u/Amr_magdy23,,,NaT,,,,,,,,,,,,,,,,no_html,,0.0,,NaT
1156,https://mostaql.com/u/IbrahimAhmed76,,,NaT,,,,,,,,,,,,,,,,no_html,,0.0,,NaT
1157,https://mostaql.com/u/nada_hany123,,,NaT,,,,,,,,,,,,,,,,no_html,,0.0,,NaT
1158,https://mostaql.com/u/MohamdAlattar,,,NaT,,,,,,,,,,,,,,,,no_html,,0.0,,NaT
1159,https://mostaql.com/u/Huda_tah,,,NaT,,,,,,,,,,,,,,,,no_html,,0.0,,NaT
1160,https://mostaql.com/u/Mostafa_Saad21,,,NaT,,,,,,,,,,,,,,,,no_html,,0.0,,NaT
1161,https://mostaql.com/u/Yosri_12,,,NaT,,,,,,,,,,,,,,,,no_html,,0.0,,NaT
1162,https://mostaql.com/u/FelopaterAdel1,,,NaT,,,,,,,,,,,,,,,,no_html,,0.0,,NaT
1163,https://mostaql.com/u/HassanRsaeed,,,NaT,,,,,,,,,,,,,,,,no_html,,0.0,,NaT
1164,https://mostaql.com/u/Ilyes144,,,NaT,,,,,,,,,,,,,,,,no_html,,0.0,,NaT
1165,https://mostaql.com/u/mohammed_y_brs,,,NaT,,,,,,,,,,,,,,,,no_html,,0.0,,NaT
1166,https://mostaql.com/u/Elbakrey,,,NaT,,,,,,,,,,,,,,,,no_html,,0.0,,NaT
1167,https://mostaql.com/u/mahmoudmsmh,,,NaT,,,,,,,,,,,,,,,,no_html,,0.0,,NaT
1168,https://mostaql.com/u/kareem_amy,,,NaT,,,,,,,,,,,,,,,,no_html,,0.0,,NaT
1169,https://mostaql.com/u/mando119,,,NaT,,,,,,,,,,,,,,,,no_html,,0.0,,NaT
1170,https://mostaql.com/u/nash2t2lanwar,,,NaT,,,,,,,,,,,,,,,,no_html,,0.0,,NaT
1171,https://mostaql.com/u/mohamed_elsaidy,,,NaT,,,,,,,,,,,,,,,,no_html,,0.0,,NaT
1172,https://mostaql.com/u/salah_eddine_76,,,NaT,,,,,,,,,,,,,,,,no_html,,0.0,,NaT
1173,https://mostaql.com/u/mohamed_s_salah,,,NaT,,,,,,,,,,,,,,,,no_html,,0.0,,NaT
1174,https://mostaql.com/u/El_sbakhy,,,NaT,,,,,,,,,,,,,,,,no_html,,0.0,,NaT
1175,https://mostaql.com/u/Ali_Abdelkawy,,,NaT,,,,,,,,,,,,,,,,no_html,,0.0,,NaT
1176,https://mostaql.com/u/basharr_1,,,NaT,,,,,,,,,,,,,,,,no_html,,0.0,,NaT
1177,https://mostaql.com/u/eslam_abdalgwad,,,NaT,,,,,,,,,,,,,,,,no_html,,0.0,,NaT
1178,https://mostaql.com/u/Mohammadmk,,,NaT,,,,,,,,,,,,,,,,no_html,,0.0,,NaT
1179,https://mostaql.com/u/Elakkermi2,,,NaT,,,,,,,,,,,,,,,,no_html,,0.0,,NaT
1180,https://mostaql.com/u/Ahmed_Shaheen51,,,NaT,,,,,,,,,,,,,,,,no_html,,0.0,,NaT
1181,https://mostaql.com/u/ahmedharidy,,,NaT,,,,,,,,,,,,,,,,no_html,,0.0,,NaT
1182,https://mostaql.com/u/NourhanS23,,,NaT,,,,,,,,,,,,,,,,no_html,,0.0,,NaT
1183,https://mostaql.com/u/EngAbdalrahmanS,,,NaT,,,,,,,,,,,,,,,,no_html,,0.0,,NaT
1184,https://mostaql.com/u/Saad_Khaoui,,,NaT,,,,,,,,,,,,,,,,no_html,,0.0,,NaT
1185,https://mostaql.com/u/Omarmohamed302,,,NaT,,,,,,,,,,,,,,,,no_html,,0.0,,NaT
1186,https://mostaql.com/u/AhmedAbdelwanys,,,NaT,,,,,,,,,,,,,,,,no_html,,0.0,,NaT
1187,https://mostaql.com/u/dr_ahmedaty,,,NaT,,,,,,,,,,,,,,,,no_html,,0.0,,NaT
1188,https://mostaql.com/u/hamadaxfiles2,,,NaT,,,,,,,,,,,,,,,,no_html,,0.0,,NaT
1189,https://mostaql.com/u/Loai_Elgrabawi,,,NaT,,,,,,,,,,,,,,,,no_html,,0.0,,NaT
1190,https://mostaql.com/u/mahmoudsaqr1991,,,NaT,,,,,,,,,,,,,,,,no_html,,0.0,,NaT
1191,https://mostaql.com/u/hadi060,,,NaT,,,,,,,,,,,,,,,,no_html,,0.0,,NaT
1192,https://mostaql.com/u/Alaamostafa23,,,NaT,,,,,,,,,,,,,,,,no_html,,0.0,,NaT
1193,https://mostaql.com/u/Abo_Omr1,,,NaT,,,,,,,,,,,,,,,,no_html,,0.0,,NaT
1194,https://mostaql.com/u/dev_mohamedAbdo,,,NaT,,,,,,,,,,,,,,,,no_html,,0.0,,NaT
1195,https://mostaql.com/u/GEORGEMAHROUS,,,NaT,,,,,,,,,,,,,,,,no_html,,0.0,,NaT
1196,https://mostaql.com/u/Mohammed_22a,,,NaT,,,,,,,,,,,,,,,,no_html,,0.0,,NaT
1197,https://mostaql.com/u/dJawad_TebbOune,,,NaT,,,,,,,,,,,,,,,,no_html,,0.0,,NaT
1198,https://mostaql.com/u/ahmedradwan2,,,NaT,,,,,,,,,,,,,,,,no_html,,0.0,,NaT
1199,https://mostaql.com/u/wasimibrahim,,,NaT,,,,,,,,,,,,,,,,no_html,,0.0,,NaT
1200,https://mostaql.com/u/khaled_3_1992,,,NaT,,,,,,,,,,,,,,,,no_html,,0.0,,NaT
1201,https://mostaql.com/u/Merna_mourkos,,,NaT,,,,,,,,,,,,,,,,no_html,,0.0,,NaT
1202,https://mostaql.com/u/aya_mohmd_125,,,NaT,,,,,,,,,,,,,,,,no_html,,0.0,,NaT
1203,https://mostaql.com/u/nardjesse,,,NaT,,,,,,,,,,,,,,,,no_html,,0.0,,NaT
1204,https://mostaql.com/u/Ebdaa,,,NaT,,,,,,,,,,,,,,,,no_html,,0.0,,NaT
1205,https://mostaql.com/u/Khaled_Hatahet,,,NaT,,,,,,,,,,,,,,,,no_html,,0.0,,NaT
1206,https://mostaql.com/u/sarah_yassien,,,NaT,,,,,,,,,,,,,,,,no_html,,0.0,,NaT
1207,https://mostaql.com/u/aya_ma7moud07,,,NaT,,,,,,,,,,,,,,,,no_html,,0.0,,NaT
1208,https://mostaql.com/u/bonaparta,,,NaT,,,,,,,,,,,,,,,,no_html,,0.0,,NaT
1209,https://mostaql.com/u/hemza992,,,NaT,,,,,,,,,,,,,,,,no_html,,0.0,,NaT
1210,https://mostaql.com/u/Yaser_Kullab_8,,,NaT,,,,,,,,,,,,,,,,no_html,,0.0,,NaT
1211,https://mostaql.com/u/Mohamed_Awadin,,,NaT,,,,,,,,,,,,,,,,no_html,,0.0,,NaT
1212,https://mostaql.com/u/tasmeam,,,NaT,,,,,,,,,,,,,,,,no_html,,0.0,,NaT
1213,https://mostaql.com/u/ahmad_ghannoum,,,NaT,,,,,,,,,,,,,,,,no_html,,0.0,,NaT
1214,https://mostaql.com/u/Nour_Media,,,NaT,,,,,,,,,,,,,,,,no_html,,0.0,,NaT
1215,https://mostaql.com/u/Amal_Moustafa_5,,,NaT,,,,,,,,,,,,,,,,no_html,,0.0,,NaT
1216,https://mostaql.com/u/ayoub_bel11,,,NaT,,,,,,,,,,,,,,,,no_html,,0.0,,NaT
1217,https://mostaql.com/u/Fatma_Gamal22,,,NaT,,,,,,,,,,,,,,,,no_html,,0.0,,NaT
1218,https://mostaql.com/u/mshawki2,,,NaT,,,,,,,,,,,,,,,,no_html,,0.0,,NaT
1219,https://mostaql.com/u/Addo,,,NaT,,,,,,,,,,,,,,,,no_html,,0.0,,NaT
1220,https://mostaql.com/u/safaasaeedtg,,,NaT,,,,,,,,,,,,,,,,no_html,,0.0,,NaT
1221,https://mostaql.com/u/MahmoudAhmed151,,,NaT,,,,,,,,,,,,,,,,no_html,,0.0,,NaT
1222,https://mostaql.com/u/Hamid_Hr,,,NaT,,,,,,,,,,,,,,,,no_html,,0.0,,NaT
1223,https://mostaql.com/u/kassemdiaa33,,,NaT,,,,,,,,,,,,,,,,no_html,,0.0,,NaT
1224,https://mostaql.com/u/Emiliaa,,,NaT,,,,,,,,,,,,,,,,no_html,,0.0,,NaT
1225,https://mostaql.com/u/Abdelrahman_162,,,NaT,,,,,,,,,,,,,,,,no_html,,0.0,,NaT
1226,https://mostaql.com/u/RaniaA_Fouad,,,NaT,,,,,,,,,,,,,,,,no_html,,0.0,,NaT
1227,https://mostaql.com/u/Sami_Moen,,,NaT,,,,,,,,,,,,,,,,no_html,,0.0,,NaT
1228,https://mostaql.com/u/Murid,,,NaT,,,,,,,,,,,,,,,,no_html,,0.0,,NaT
1229,https://mostaql.com/u/abdo_cs_2004,,,NaT,,,,,,,,,,,,,,,,no_html,,0.0,,NaT
1230,https://mostaql.com/u/Marwa_Elmarmy22,,,NaT,,,,,,,,,,,,,,,,no_html,,0.0,,NaT
1231,https://mostaql.com/u/Ahmed_Naseem,,,NaT,,,,,,,,,,,,,,,,no_html,,0.0,,NaT
1232,https://mostaql.com/u/BahaaKahlout2,,,NaT,,,,,,,,,,,,,,,,no_html,,0.0,,NaT
1233,https://mostaql.com/u/i_sr_a_a,,,NaT,,,,,,,,,,,,,,,,no_html,,0.0,,NaT
1234,https://mostaql.com/u/Mo__shawky,,,NaT,,,,,,,,,,,,,,,,no_html,,0.0,,NaT
1235,https://mostaql.com/u/AbdelrahmanAmr8,,,NaT,,,,,,,,,,,,,,,,no_html,,0.0,,NaT
1236,https://mostaql.com/u/Mernaadwer,,,NaT,,,,,,,,,,,,,,,,no_html,,0.0,,NaT
1237,https://mostaql.com/u/abod_drob,,,NaT,,,,,,,,,,,,,,,,no_html,,0.0,,NaT
1238,https://mostaql.com/u/ahmedAAMeaad,,,NaT,,,,,,,,,,,,,,,,no_html,,0.0,,NaT
